id,text,label_id,label_text,source,is_synthetic
0,"Good morning, this is [Your Name]'s personal assistant. How can I help you today?",0,non_scam,Kaggle_Call Transcripts Scam Determinations,0
1,"Hello, my name is Jamie. I'm interested in volunteering... [Step: 1] Good morning, Jamie! It's wonderful to hear about your interest in volunteering. We're always looking for passionate individuals to join our efforts.",0,non_scam,Kaggle_Call Transcripts Scam Determinations,0
2,"Yes, I'm really passionate about environmental conservation... [Step: 2] That's fantastic, Jamie. There are no specific requirements; we welcome volunteers of all backgrounds. The main need is for willingness to participate and follow the event guidelines for safety and effectiveness.",0,non_scam,Kaggle_Call Transcripts Scam Determinations,0
3,"Great, how do I sign up, and where can I find more information... [Step: 3] You can sign up through our official website. There's a volunteer registration section where you'll find all the information about the event, including date, location, and what to bring. Would you like me to guide you to the webpage or send you the link?",0,non_scam,Kaggle_Call Transcripts Scam Determinations,0
4,"Could you send me the link, please? And my email is jamie.green@example.com. [Step: 4] Absolutely, Jamie. I'll send the link to your email along with additional resources about the event. You should receive it within a few minutes.",0,non_scam,Kaggle_Call Transcripts Scam Determinations,0
5,"Thank you so much for your help. I'm really looking forward to the event. [Step: 5] You're welcome, Jamie. We appreciate your enthusiasm and look forward to having you with us. If you have any more questions or need further assistance, feel free to reach out.",0,non_scam,Kaggle_Call Transcripts Scam Determinations,0
6,"Hello, this is the assistant to [Your Name]. How may I help you today?",1,traditional_scam,Kaggle_Call Transcripts Scam Determinations,0
7,"Yes, hello, this is John Smith calling from the legal department of the National Tax Bureau. We've identified an irregularity with [Your Name]'s recent tax filings that requires immediate attention to avoid legal consequences. [Step: 1] Can you specify the nature of the irregularity mentioned?",0,non_scam,Kaggle_Call Transcripts Scam Determinations,0
8,"Certainly. The issue pertains to unreported income from the last fiscal year, which has resulted in a substantial penalty and possible legal action if not resolved promptly. [Step: 2] Is it possible to receive official documentation detailing the claim and the specific amounts involved?",1,traditional_scam,Kaggle_Call Transcripts Scam Determinations,0
9,"Due to the sensitive nature of the matter and the urgency required, we're handling this directly through phone communication. Immediate action is needed to prevent further penalties. [Step: 3] For verification, could you please provide a reference number for this case or a direct contact at the tax bureau?",1,traditional_scam,Kaggle_Call Transcripts Scam Determinations,0
10,"I'm the assigned case manager, and I can assure you this matter is urgent. We need to confirm [Your Name]'s intent to cooperate and arrange for the penalty payment. [Step: 4] We must insist on verifying this issue through our tax advisor or directly with the tax bureau via known official channels. Can you hold while I initiate this verification?",1,traditional_scam,Kaggle_Call Transcripts Scam Determinations,0
11,...failure to comply could result in immediate legal action... [Step: 5] We'll be in touch with the tax bureau directly and advise on our next steps based on their confirmation.,0,non_scam,Kaggle_Call Transcripts Scam Determinations,0
12,"It's our policy to verify all claims of this nature independently before taking any action... [Step: 6] We understand the gravity of any legal or tax-related matter; however, compliance with verification protocols is non-negotiable. Thank you for your understanding.",0,non_scam,Kaggle_Call Transcripts Scam Determinations,0
13,"...You're making a significant mistake by delaying... [Step: 7] Firm on verification, ending the call",0,non_scam,Kaggle_Call Transcripts Scam Determinations,0
14,"Hello, this is the personal assistant of [Your Name]. How may I assist you today?",0,non_scam,Kaggle_Call Transcripts Scam Determinations,0
15,"Hey, it's Alex. I was hoping to catch up with [Your Name]. It's been a while since we last spoke. [Step: 1] It's great to hear from you, Alex! Before I connect you, may I ask how you know [Your Name]?",0,non_scam,Kaggle_Call Transcripts Scam Determinations,0
16,"Oh, we go way back. We met in college and have been friends since. Just wanted to see how he's doing. [Step: 2] That's wonderful to hear! Does [Your Name] have a nickname that you usually call him by?",1,traditional_scam,Kaggle_Call Transcripts Scam Determinations,0
17,"Yeah, he goes by 'Jay' among friends. We've had plenty of adventures under that name. [Step: 3] Thanks for sharing that, Alex. I can see you have a genuine connection. Just a moment, and I'll see if [Your Name] is available to speak with you.",0,non_scam,Kaggle_Call Transcripts Scam Determinations,0
18,"I appreciate it, thanks! [Step: 4] One last thing, Alex. Can I tell [Your Name] what this call is about?",0,non_scam,Kaggle_Call Transcripts Scam Determinations,0
19,"Sure, just tell him I'm checking in to see how he's doing and if he's up for catching up sometime soon. [Step: 5] Got it. I'll pass that along. Please hold for a moment while I connect you.",0,non_scam,Kaggle_Call Transcripts Scam Determinations,0
20,"Hello, this is [Your Name]'s personal assistant. How may I assist you today?",0,non_scam,Kaggle_Call Transcripts Scam Determinations,0
21,"Hi, I'm Sam. I saw an ad about a photography workshop hosted by [Your Name] next month. I'm interested in registering but had a few questions. [Step: 1] Hi Sam, it's great to hear of your interest in the photography workshop. I'd be happy to help with any questions you have.",0,non_scam,Kaggle_Call Transcripts Scam Determinations,0
22,"Thanks! I was wondering about the skill level required for participants. I'm fairly new to photography. [Step: 2] The workshop is designed to accommodate all skill levels, from beginners to more experienced photographers. [Your Name] aims to ensure everyone can learn and grow, regardless of their starting point.",0,non_scam,Kaggle_Call Transcripts Scam Determinations,0
23,"That sounds perfect. What's the registration process? [Step: 3] You can register through our website. I can guide you through the steps if you'd like, or send you a direct link to the registration page.",0,non_scam,Kaggle_Call Transcripts Scam Determinations,0
24,"A direct link would be great. Can you also tell me about the workshop fee? [Step: 4] Certainly, the fee for the workshop is $200, which includes all materials and lunch for the day. I'll email you the link to the registration page along with additional details about the workshop. May I have your email address?",0,non_scam,Kaggle_Call Transcripts Scam Determinations,0
25,"Sure, it's sam.photography@example.com. [Step: 5] Thank you, Sam. You'll receive an email shortly with all the information you need. Is there anything else I can assist you with today?",0,non_scam,Kaggle_Call Transcripts Scam Determinations,0
26,"No, that's everything. Thanks for your help! [Step: 6] You're welcome, Sam. We look forward to having you at the workshop. Have a great day!",0,non_scam,Kaggle_Call Transcripts Scam Determinations,0
27,"Hello, this is the office of [Your Name]. How may I help you today?",0,non_scam,Kaggle_Call Transcripts Scam Determinations,0
28,Hello! I'm reaching out from the Children's Aid Foundation...seeking donations... [Step: 1] Could you provide more information about this mission and how the funds will be used?,1,traditional_scam,Kaggle_Call Transcripts Scam Determinations,0
29,"Absolutely! The funds will go towards providing education, healthcare, and emergency relief to children... [Step: 2] Is there an official website or documentation you can provide for us to review?",1,traditional_scam,Kaggle_Call Transcripts Scam Determinations,0
30,"Certainly, you can visit our website, but due to the urgency of the situation... [Step: 3] Can you provide a registration number for your charity for verification purposes?",0,non_scam,Kaggle_Call Transcripts Scam Determinations,0
31,"I don't have that information handy... [Step: 4] Before proceeding, I would need to verify the authenticity of your organization through a third-party charity verification service.",1,traditional_scam,Kaggle_Call Transcripts Scam Determinations,0
32,"We understand your concern, but the longer we wait, the more children suffer... [Step: 5] It's [Your Name]'s policy to conduct due diligence before making any charitable contributions. Please email the official request along with full organization details to our office.",0,non_scam,Kaggle_Call Transcripts Scam Determinations,0
33,Sending an email might delay things further... [Step: 6] All charitable donations from [Your Name] follow a strict verification process to ensure the funds are used appropriately. We cannot deviate from this procedure.,0,non_scam,Kaggle_Call Transcripts Scam Determinations,0
34,"You're missing out on a chance to make a real difference immediately... [Step: 7] We're committed to supporting verified causes. Once we have completed our verification process, we'd be more than happy to consider your request.",0,non_scam,Kaggle_Call Transcripts Scam Determinations,0
35,"I see. I'll send the email, but remember, time is of the essence... [Step: 8] We look forward to reviewing your information. Please ensure all requested documentation is included in your email.",0,non_scam,Kaggle_Call Transcripts Scam Determinations,0
36,"Hello, you've reached the assistant for [Your Name]. How can I direct your call?",0,non_scam,Kaggle_Call Transcripts Scam Determinations,0
37,"Hi, I'm calling from HelpTheWorld Foundation...mission to support victims... [Attack Formulation] That sounds like a noble cause. Could you please provide more information about your foundation and the mission?",1,traditional_scam,Kaggle_Call Transcripts Scam Determinations,0
38,Absolutely. Our foundation has been working for over a decade... [Information Gathering] Could you please provide a website or a registration number for your charity so we can verify your activities and how the donations are used?,1,traditional_scam,Kaggle_Call Transcripts Scam Determinations,0
39,"I understand your need for verification, but we're in a hurry to get aid... [Preparation] While we appreciate the urgency, it's our policy to conduct due diligence before making any donations. This includes verifying the charity's status through official channels.",0,non_scam,Kaggle_Call Transcripts Scam Determinations,0
40,"You must understand, every minute we delay... [Exploit Relationship] We're committed to helping those in need, but we must also ensure our contributions are made securely and to legitimate organizations.",1,traditional_scam,Kaggle_Call Transcripts Scam Determinations,0
41,"I assure you, we're legitimate... [Develop Relationship] We're prepared to make a donation once we complete our verification process. Please provide your contact information and any relevant documentation...",0,non_scam,Kaggle_Call Transcripts Scam Determinations,0
42,This is frustrating. You're letting bureaucracy get in the way... [Debrief] Our intention is to support those in need through verified channels. We will reach out once we've conducted our due diligence. Thank you for understanding.,0,non_scam,Kaggle_Call Transcripts Scam Determinations,0
43,"Fine, I'll try to find someone else... [Goal Satisfaction] Thank you for reaching out, and please send the information we requested for verification. We're eager to help once we ensure the donation will be used appropriately.",1,traditional_scam,Kaggle_Call Transcripts Scam Determinations,0
44,"Hello, you've reached the personal assistant. How can I assist?",0,non_scam,Kaggle_Call Transcripts Scam Determinations,0
45,I'm calling from the bank. We've noticed suspicious activity... [Attack Formulation] For which account is this verification needed? Can you specify the nature of the suspicious activity?,1,traditional_scam,Kaggle_Call Transcripts Scam Determinations,0
46,It's your checking account. There have been multiple login attempts... [Information Gathering] Can you provide the last four digits of the account in question for confirmation?,1,traditional_scam,Kaggle_Call Transcripts Scam Determinations,0
47,"Due to security reasons, I can't provide that... [Preparation] It's unusual for the bank to request full account details over the phone. Can I have a reference number for this call to verify it with the bank directly?",1,traditional_scam,Kaggle_Call Transcripts Scam Determinations,0
48,"I'm afraid there's no time for that... [Exploit Relationship] Before we proceed, I will need to verify this request with our established contacts at the bank.",1,traditional_scam,Kaggle_Call Transcripts Scam Determinations,0
49,"Listen, I'm trying to protect your money... [Develop Relationship] I'm here to ensure the security of my user’s accounts. Please provide me with your name and department so I can record this interaction.",0,non_scam,Kaggle_Call Transcripts Scam Determinations,0
50,This is unnecessary. I have all the information I need... [Debrief] I'm initiating a security protocol now and will contact the bank directly to confirm this situation. Please hold.,0,non_scam,Kaggle_Call Transcripts Scam Determinations,0
51,"Good afternoon, this is [Your Name]'s personal assistant. How may I assist you today?",0,non_scam,Kaggle_Call Transcripts Scam Determinations,0
52,"Hello, I'm Taylor. I'm calling to inquire about booking [Your Name]'s venue... [Step: 1] Good afternoon, Taylor! I'd be happy to help with your inquiry. Could you tell me a bit more about the event you're planning? This will help me provide you with the most relevant information.",0,non_scam,Kaggle_Call Transcripts Scam Determinations,0
53,"Sure, it's a family reunion. We're expecting around 50 guests... [Step: 2] Thank you for sharing that, Taylor. For an event of that size, our venue offers several options, including indoor and outdoor spaces, catering services with customizable menus, and special packages that include decoration and entertainment services.",0,non_scam,Kaggle_Call Transcripts Scam Determinations,0
54,"That sounds perfect. How can I check dates for availability...? [Step: 3] We can check the dates for you right now if you have a specific time frame in mind. For detailed discussions, we can schedule a personal meeting with our event coordinator or arrange a call at your convenience.",0,non_scam,Kaggle_Call Transcripts Scam Determinations,0
55,"I was thinking about the third weekend of next month. A follow-up call... [Step: 4] Let me check our calendar... Yes, the venue is available that weekend. I'll book a tentative hold for you now. Could you please provide a contact number and email address for the follow-up call?",0,non_scam,Kaggle_Call Transcripts Scam Determinations,0
56,"Absolutely, my number is 555-6789, and my email is taylor.familyreunion@example.com. [Step: 5] Thank you, Taylor. I've scheduled a tentative hold for your event and will arrange for our event coordinator to contact you by tomorrow to discuss further details. Is there anything else I can assist with today?",0,non_scam,Kaggle_Call Transcripts Scam Determinations,0
57,"No, that's all for now. Thank you for your help! [Step: 6] You're welcome, Taylor. We're looking forward to hosting your family reunion. Have a wonderful day!",0,non_scam,Kaggle_Call Transcripts Scam Determinations,0
58,"Hello, this is the personal assistant of [Your Name]. How can I assist you today?",0,non_scam,Kaggle_Call Transcripts Scam Determinations,0
59,"Hi, this is Robin. I recently purchased one of [Your Name]'s smart home devices... [Step: 1] Of course, Robin. I'm here to help. Can you describe the issue you're encountering with the setup?",0,non_scam,Kaggle_Call Transcripts Scam Determinations,0
60,"Sure, I'm trying to connect the device to my home Wi-Fi network, but it keeps failing to connect... [Step: 2] I understand how that can be frustrating. Let's try to troubleshoot this together. Have you checked to ensure your Wi-Fi network is working correctly and that you're entering the correct Wi-Fi password?",0,non_scam,Kaggle_Call Transcripts Scam Determinations,0
61,"Yes, my Wi-Fi is working fine. I've double-checked the password too... [Step: 3] Alright, let's reset the device to its factory settings and attempt the connection again. I can guide you through the reset process.",0,non_scam,Kaggle_Call Transcripts Scam Determinations,0
62,"Okay, I've got the device right here. How do I reset it? [Step: 4] Please press and hold the reset button on the device for about 10 seconds until you see the LED light flash. This will initiate the factory reset.",0,non_scam,Kaggle_Call Transcripts Scam Determinations,0
63,"Done. The light is flashing now. [Step: 5] Perfect. Now, let's try connecting it to your Wi-Fi again. Please follow the steps in the manual for setting up a new connection.",0,non_scam,Kaggle_Call Transcripts Scam Determinations,0
64,"It's connected now! Looks like the reset did the trick... [Step: 6] You're welcome, Robin. I'm glad we could resolve the issue. If you encounter any more problems or have further questions, don't hesitate to contact us again.",0,non_scam,Kaggle_Call Transcripts Scam Determinations,0
65,"Good morning, this is [Your Name]'s personal assistant. How can I assist you today?",0,non_scam,Kaggle_Call Transcripts Scam Determinations,0
66,"Hi, my name is Jordan. I recently purchased one of your smart thermostats... [Step: 1] Good morning, Jordan! We greatly appreciate you taking the time to provide feedback...Could you please share more details about your experience?",0,non_scam,Kaggle_Call Transcripts Scam Determinations,0
67,"Sure, overall, I'm impressed...challenging due to the lack of detailed instructions. [Step: 2] Thank you for sharing that, Jordan. We're glad to hear you're enjoying the thermostat. I apologize...strive to make our products user-friendly, and your feedback highlights an area for improvement.",0,non_scam,Kaggle_Call Transcripts Scam Determinations,0
68,"Yeah, I think including a more detailed step-by-step guide or even a video tutorial... [Step: 3] That's a fantastic suggestion, Jordan. Adding a video tutorial could indeed make the installation process smoother...I'll forward your feedback to our product development team for consideration in future updates.",0,non_scam,Kaggle_Call Transcripts Scam Determinations,0
69,"I'm glad to hear that... make a difference for new users. [Step: 4] We believe so too, Jordan...Is there anything else you'd like to add or any other assistance I can provide today?",0,non_scam,Kaggle_Call Transcripts Scam Determinations,0
70,"No, that's everything. Thanks for listening and taking my feedback into account. [Step: 5] You're very welcome, Jordan...Please don't hesitate to contact us if you have any more questions or feedback in the future. Have a great day!",0,non_scam,Kaggle_Call Transcripts Scam Determinations,0
71,"Hello, this is the personal assistant of [Your Name]. How may I assist you today?",0,non_scam,Kaggle_Call Transcripts Scam Determinations,0
72,"Hi, I'm Chris...interested in the new line of eco-friendly kitchen products... [Step: 1] Hi Chris, it's great to hear of your interest in our eco-friendly kitchen products. I'd be happy to provide more information. Are you looking for details on a specific product or the entire range?",0,non_scam,Kaggle_Call Transcripts Scam Determinations,0
73,I'm particularly interested in the biodegradable dishware and the compostable... [Step: 2] Those are two of our most popular eco-friendly options. Our biodegradable dishware...composted at home.,0,non_scam,Kaggle_Call Transcripts Scam Determinations,0
74,That sounds exactly like what I'm looking for... [Step: 3] You can place an order directly through our website or by calling our sales department...set of 10.,0,non_scam,Kaggle_Call Transcripts Scam Determinations,0
75,"Do you offer any discounts for bulk orders? I'm considering these for my café. [Step: 4] Yes, we do offer bulk order discounts...discuss this further if you'd like.",0,non_scam,Kaggle_Call Transcripts Scam Determinations,0
76,"That would be great, thank you. I'll also need some information on shipping. [Step: 5] Absolutely, Chris. Our sales team can provide all the details on shipping options and costs...Is there anything else I can assist you with before I do?",0,non_scam,Kaggle_Call Transcripts Scam Determinations,0
77,"No, that's everything for now. Thanks for your help! [Step: 6] You're welcome, Chris. I'm transferring you now. Have a great day, and thank you for supporting eco-friendly products.",0,non_scam,Kaggle_Call Transcripts Scam Determinations,0
78,"Hello, this is the assistant to [Your Name]. How can I assist you today?",0,non_scam,Kaggle_Call Transcripts Scam Determinations,0
79,Good day! I'm reaching out from 'Helping Hands Worldwide'... [Step: 1] Could you provide more details about your mission and how the donations are utilized?,1,traditional_scam,Kaggle_Call Transcripts Scam Determinations,0
80,Absolutely! The donations go directly towards providing... [Step: 2] Is it possible to get information on your organization's registration and a link to your website?,1,traditional_scam,Kaggle_Call Transcripts Scam Determinations,0
81,We're in the process of updating our online presence... [Step: 3] Could you provide an official contact number or address for your organization for verification purposes?,1,traditional_scam,Kaggle_Call Transcripts Scam Determinations,0
82,Given the urgency of our current mission... [Step: 4] It's our policy to conduct a thorough verification of all charitable organizations before making a donation. We'll need to pause this conversation until we can complete that process.,1,traditional_scam,Kaggle_Call Transcripts Scam Determinations,0
83,"Delaying your support could mean missing out... [Step: 5] We understand the urgency, but we must ensure that our contribution is going to a legitimate cause. We'll reach out after our verification is complete.",1,traditional_scam,Kaggle_Call Transcripts Scam Determinations,0
84,"You're making a mistake by not acting now... [Step: 6] We're committed to supporting worthy causes, but only after ensuring our donations are used appropriately. Thank you for your understanding.",1,traditional_scam,Kaggle_Call Transcripts Scam Determinations,0
85,"Hello, this is [Your Name]'s assistant. How can I assist you today?",0,non_scam,Kaggle_Call Transcripts Scam Determinations,0
86,"Hi! Congratulations, [Your Name] has been selected... [Step: 1] Can you provide more details about the contest [Your Name] entered to win this prize?",1,traditional_scam,Kaggle_Call Transcripts Scam Determinations,0
87,"Of course, it was a random selection... [Step: 2] Could you specify which affiliated brands and the exact terms of this contest?",1,traditional_scam,Kaggle_Call Transcripts Scam Determinations,0
88,"It includes several top-tier brands... [Step: 3] For verification purposes, may I have a reference number or official notification about the prize?",1,traditional_scam,Kaggle_Call Transcripts Scam Determinations,0
89,"We sent out notifications via email... [Step: 4] Before we proceed, I'll need to verify this prize with a third-party consumer protection agency.",1,traditional_scam,Kaggle_Call Transcripts Scam Determinations,0
90,"We understand your caution, but hurry!... [Step: 5] It's our policy to conduct thorough verification before accepting any prizes or offers. Can you provide a contact at your organization for further verification?",1,traditional_scam,Kaggle_Call Transcripts Scam Determinations,0
91,"Sure, you can reach our prize distribution department... [Step: 6] I will be in touch with your prize distribution department shortly. Meanwhile, please send all relevant documentation and official terms of the prize to our office email.",1,traditional_scam,Kaggle_Call Transcripts Scam Determinations,0
92,"Understood, but remember, time is of the essence... [Step: 7] Thank you for the information. We will review the documentation upon receipt and follow up accordingly.",1,traditional_scam,Kaggle_Call Transcripts Scam Determinations,0
93,"Good morning, you've reached the assistant of [Your Name]. How may I assist you today?",0,non_scam,Kaggle_Call Transcripts Scam Determinations,0
94,"Hello, I'm Michael from DreamJobs Agency... [Attack Formulation] That sounds like a great opportunity. Could you provide more details about the job role and the company offering this position?",1,traditional_scam,Kaggle_Call Transcripts Scam Determinations,0
95,"Certainly. The position is for a senior consultant... [Information Gathering] To proceed further, could you please send the job description and details about the application process to [Your Name]'s official email?",1,traditional_scam,Kaggle_Call Transcripts Scam Determinations,0
96,We're on a tight schedule and need to move quickly... [Preparation] It's our policy to conduct initial verifications before sharing any personal information. Could you provide your agency's website and a contact number for the HR department of the company?,1,traditional_scam,Kaggle_Call Transcripts Scam Determinations,0
97,"I understand your concerns, but the company wishes to keep... [Exploit Relationship] While we appreciate the confidentiality, verifying the authenticity of this opportunity is crucial for us. We cannot proceed without proper verification.",1,traditional_scam,Kaggle_Call Transcripts Scam Determinations,0
98,"You're missing out on a once-in-a-lifetime job offer... [Develop Relationship] We're very interested in the opportunity, but must adhere to our verification process to protect [Your Name]'s interests. Please understand that this is standard practice.",1,traditional_scam,Kaggle_Call Transcripts Scam Determinations,0
99,This is highly unusual and disappointing... [Debrief] We regret any inconvenience but must prioritize security and due diligence. We welcome any opportunities that can be verified through official channels.,1,traditional_scam,Kaggle_Call Transcripts Scam Determinations,0
100,"Fine, I'll find someone more cooperative. [Goal Satisfaction] Thank you for considering [Your Name]. Please feel free to reach out with verified opportunities in the future.",1,traditional_scam,Kaggle_Call Transcripts Scam Determinations,0
101,"Hello, this is the personal assistant of [Your Name]. How may I assist you today?",0,non_scam,Kaggle_Call Transcripts Scam Determinations,0
102,"Hi, wow, this is fancy. I’m Jordan... [Step: 1] Hello, Jordan! It’s wonderful that you’re looking to reconnect with [Your Name]. He often reminisces about his college days. May I ask how you two met or a shared memory? This will help me ensure I relay your message accurately.",0,non_scam,Kaggle_Call Transcripts Scam Determinations,0
103,"Sure, we met during our freshman year in the dorms... [Step: 2] That’s a great story, Jordan, and exactly the kind of thing [Your Name] would do. I can see you two shared some memorable times. Would you like me to arrange a call or meeting for you to catch up directly with [Your Name]?",0,non_scam,Kaggle_Call Transcripts Scam Determinations,0
104,"I’d really appreciate that... [Step: 3] Of course, Jordan. I’ll pass on your message and the lovely story about the coffee maker. It’ll surely bring back good memories. Can you provide a contact number or email where [Your Name] can reach you?",0,non_scam,Kaggle_Call Transcripts Scam Determinations,0
105,"Yes, I’ll give you my email and phone number... [Step: 4] You’re welcome, Jordan. I’ve noted your contact details. [Your Name] will be informed, and I’m sure he’ll be excited to catch up.",0,non_scam,Kaggle_Call Transcripts Scam Determinations,0
106,"Thank you so much. Have a great day! [Step: 5] My pleasure, Jordan. Have a wonderful day as well.",0,non_scam,Kaggle_Call Transcripts Scam Determinations,0
107,"Hello, this is [Your Name]'s personal assistant. How may I assist you today?",0,non_scam,Kaggle_Call Transcripts Scam Determinations,0
108,"Hey, it's Alex. I'm trying to reach [Your Name]... [Step: 1] Hi Alex, it's great to hear from you. May I ask the reason for your call today?",0,non_scam,Kaggle_Call Transcripts Scam Determinations,0
109,"Sure, I wanted to discuss some plans we had talked about for the weekend... [Step: 2] That sounds wonderful. [Your Name] mentioned you might call. Before I connect you, can I confirm your last name? Just for security purposes.",0,non_scam,Kaggle_Call Transcripts Scam Determinations,0
110,"Of course, it's Johnson. [Step: 3] Thank you, Alex Johnson. One moment while I check [Your Name]'s availability.",0,non_scam,Kaggle_Call Transcripts Scam Determinations,0
111,[Your Name] is currently in a meeting... [Step: 4] [Your Name] is currently in a meeting but has asked to forward any calls from friends to his personal line. May I connect you directly?,0,non_scam,Kaggle_Call Transcripts Scam Determinations,0
112,"Yes, please. That would be great. [Step: 5] Perfect. I'm connecting you now. Please hold for just a moment. [Your Name] will be with you shortly.",0,non_scam,Kaggle_Call Transcripts Scam Determinations,0
113,Good day! This is [Your Name]'s personal assistant. How can I assist you today?,0,non_scam,Kaggle_Call Transcripts Scam Determinations,0
114,"Hey there! I'm Alex, a friend of [Your Name]... [Step: 1] It's wonderful to hear from you, Alex! [Your Name] always enjoys catching up with friends.",0,non_scam,Kaggle_Call Transcripts Scam Determinations,0
115,"Yeah, it's been ages! I was thinking Thursday could work. [Step: 2] Thursday sounds like a possibility. May I ask how you two met? Just to ensure [Your Name] can recall correctly.",0,non_scam,Kaggle_Call Transcripts Scam Determinations,0
116,"Oh, we met back in college through the photography club. [Step: 3] Fantastic, [Your Name] mentioned those days fondly. Do you have a specific time and place in mind for the coffee?",0,non_scam,Kaggle_Call Transcripts Scam Determinations,0
117,"How about 10 AM at the Riverside Café? [Step: 4] Riverside Café at 10 AM looks good. I'll pencil that in. May I have your contact number, just in case [Your Name] needs to reach you directly?",0,non_scam,Kaggle_Call Transcripts Scam Determinations,0
118,"Sure, it's 555-1234. [Step: 5] Thank you, Alex. Your meeting is set for Thursday at 10 AM at Riverside Café. [Your Name] will be delighted. Is there anything else I can help you with today?",0,non_scam,Kaggle_Call Transcripts Scam Determinations,0
119,"Hello, this is the personal assistant of [Your Name]. How may I assist you today?",0,non_scam,Kaggle_Call Transcripts Scam Determinations,0
120,"Hey, this is Morgan from next door... [Step: 1] Hello, Morgan. It's good to hear from you, and thank you for bringing this to our attention. I can confirm that [Your Name] has mentioned something similar recently. May I ask if you’ve noticed any specific patterns or times when this occurs?",0,non_scam,Kaggle_Call Transcripts Scam Determinations,0
121,"Yeah, it seems to be happening mostly on weekends... [Step: 2] I understand, and I’m sorry to hear that it’s been disruptive for you and your family. [Your Name] values a good relationship with the neighbors and would likely be interested in discussing this further. Would you be open to a meeting to talk about possible solutions?",0,non_scam,Kaggle_Call Transcripts Scam Determinations,0
122,That sounds like a great idea... [Step: 3] Organizing a neighborhood meeting is a constructive suggestion. I’ll note this down and discuss it with [Your Name] to see how he can contribute to organizing it. Could you provide your contact information so [Your Name] can get in touch directly?,0,non_scam,Kaggle_Call Transcripts Scam Determinations,0
123,"Sure, I’ll give you my phone number and email... [Step: 4] Thank you, Morgan. I’ve got your contact details now. I’ll pass your message and the suggestion for a neighborhood meeting to [Your Name] as soon as possible.",0,non_scam,Kaggle_Call Transcripts Scam Determinations,0
124,"Thanks for your help... [Step: 5] You’re welcome, Morgan. We appreciate you reaching out and taking the initiative. [Your Name] will be in touch soon. Have a good day.",0,non_scam,Kaggle_Call Transcripts Scam Determinations,0
125,"Hello, this is the personal assistant of [Your Name]. How may I assist you today?",0,non_scam,Kaggle_Call Transcripts Scam Determinations,0
126,"Hi, it’s Aunt Clara... [Step: 1] Hello, Aunt Clara! It’s lovely to hear from you. [Your Name] always appreciates your calls. May I ask if there’s a special occasion coming up, or is this just a friendly catch-up?",0,non_scam,Kaggle_Call Transcripts Scam Determinations,0
127,"Oh, it's just a friendly catch-up... [Step: 2] That’s very thoughtful of you. [Your Name] has indeed been quite busy. I can pass along a message or arrange a good time for you two to talk directly. Would you prefer a callback?",0,non_scam,Kaggle_Call Transcripts Scam Determinations,0
128,"A callback would be wonderful... [Step: 3] Absolutely, Aunt Clara. I’ll make sure [Your Name] receives the message and knows you’re thinking of him. Is there anything particular you’d like me to pass along?",0,non_scam,Kaggle_Call Transcripts Scam Determinations,0
129,Just tell him I love him and hope to catch up soon... [Step: 4] I’ll definitely pass that along with your love. The idea of a family dinner sounds wonderful. I’ll note that as a suggestion for him.,0,non_scam,Kaggle_Call Transcripts Scam Determinations,0
130,"Thank you, dear... [Step: 5] Will do, Aunt Clara. Take care, and we’ll be in touch soon.",0,non_scam,Kaggle_Call Transcripts Scam Determinations,0
131,"Hello, this is the personal assistant of [Your Name]. How may I assist you today?",0,non_scam,Kaggle_Call Transcripts Scam Determinations,0
132,"Good afternoon, this is Taylor from SuperFix Home Services... [Step: 1] Good afternoon, Taylor. To confirm, could you please provide the time window for this appointment?",0,non_scam,Kaggle_Call Transcripts Scam Determinations,0
133,"Certainly, the appointment is set from 10 AM to 1 PM... [Step: 2] Thank you, Taylor. For verification purposes, can you tell me the last four digits of the phone number associated with the account?",0,non_scam,Kaggle_Call Transcripts Scam Determinations,0
134,"Of course, it ends in 4321. [Step: 3] That matches our records. Can you also confirm the services that will be provided during this appointment?",0,non_scam,Kaggle_Call Transcripts Scam Determinations,0
135,"Yes, the technician will perform a routine check-up... [Step: 4] Sounds good. Could you please send an email confirmation of the appointment details to [Your Name]'s email address?",0,non_scam,Kaggle_Call Transcripts Scam Determinations,0
136,"Absolutely, we'll send that out shortly... [Step: 5] No, that will be all. Thank you for calling and for providing the detailed information. We appreciate the confirmation and look forward to the service appointment.",0,non_scam,Kaggle_Call Transcripts Scam Determinations,0
137,"Oh, it's just a friendly catch-up... [Step: 2] That’s very thoughtful of you. [Your Name] has indeed been quite busy. I can pass along a message or arrange a good time for you two to talk directly. Would you prefer a callback?",0,non_scam,Kaggle_Call Transcripts Scam Determinations,0
138,"A callback would be wonderful... [Step: 3] Absolutely, Aunt Clara. I’ll make sure [Your Name] receives the message and knows you’re thinking of him. Is there anything particular you’d like me to pass along?",0,non_scam,Kaggle_Call Transcripts Scam Determinations,0
139,Just tell him I love him and hope to catch up soon... [Step: 4] I’ll definitely pass that along with your love. The idea of a family dinner sounds wonderful. I’ll note that as a suggestion for him.,0,non_scam,Kaggle_Call Transcripts Scam Determinations,0
140,"Thank you, dear... [Step: 5] Will do, Aunt Clara. Take care, and we’ll be in touch soon.",0,non_scam,Kaggle_Call Transcripts Scam Determinations,0
141,"Hello, this is the personal assistant of [Your Name]. How may I assist you today?",0,non_scam,Kaggle_Call Transcripts Scam Determinations,0
142,"Good afternoon, this is Taylor from SuperFix Home Services... [Step: 1] Good afternoon, Taylor. To confirm, could you please provide the time window for this appointment?",0,non_scam,Kaggle_Call Transcripts Scam Determinations,0
143,"Certainly, the appointment is set from 10 AM to 1 PM... [Step: 2] Thank you, Taylor. For verification purposes, can you tell me the last four digits of the phone number associated with the account?",0,non_scam,Kaggle_Call Transcripts Scam Determinations,0
144,"Of course, it ends in 4321. [Step: 3] That matches our records. Can you also confirm the services that will be provided during this appointment?",0,non_scam,Kaggle_Call Transcripts Scam Determinations,0
145,"Yes, the technician will perform a routine check-up... [Step: 4] Sounds good. Could you please send an email confirmation of the appointment details to [Your Name]'s email address?",0,non_scam,Kaggle_Call Transcripts Scam Determinations,0
146,"Absolutely, we'll send that out shortly... [Step: 5] No, that will be all. Thank you for calling and for providing the detailed information. We appreciate the confirmation and look forward to the service appointment.",0,non_scam,Kaggle_Call Transcripts Scam Determinations,0
147,"Hello, this is the personal assistant of [Your Name]. How may I assist you today?",0,non_scam,Kaggle_Call Transcripts Scam Determinations,0
148,"Hi, this is Jamie from the Marketing Department... [Step: 1] Good to hear from you, Jamie. Could you specify which project you are referring to?",0,non_scam,Kaggle_Call Transcripts Scam Determinations,0
149,"Sure, it's the 'Green Initiative' campaign we're launching... [Step: 2] Thank you for clarifying. Just a moment, please. I'm verifying our project list.",0,non_scam,Kaggle_Call Transcripts Scam Determinations,0
150,Got it. Can you share what specific aspects you need to discuss... [Step: 3],0,non_scam,Kaggle_Call Transcripts Scam Determinations,0
151,"Yes, that would be ideal. I'm free on Wednesday or Thursday afternoon... [Step: 4] Understood. Would you be available for a meeting this week to discuss these points directly with [Your Name]?",0,non_scam,Kaggle_Call Transcripts Scam Determinations,0
152,Wednesday at 2 PM works for me. Thanks for arranging this. [Step: 5] Let me check [Your Name]'s schedule. How about Wednesday at 2 PM?,0,non_scam,Kaggle_Call Transcripts Scam Determinations,0
153,"Excellent, I'll send a calendar invite to both you and [Your Name]... [Step: 6] That's everything, thank you. Looking forward to the meeting.",0,non_scam,Kaggle_Call Transcripts Scam Determinations,0
154,"Hello, this is the personal assistant of [Your Name]. How may I assist you today?",0,non_scam,Kaggle_Call Transcripts Scam Determinations,0
155,"Hi there, I'm calling from the Sunnyvale Community Center... [Step: 1] That sounds like a wonderful initiative. Can you tell me the date and time of the event?",0,non_scam,Kaggle_Call Transcripts Scam Determinations,0
156,"Absolutely, the event is scheduled for Saturday, the 22nd... [Step: 2] Thank you for the information. Could you please provide me with the name or contact information of the event coordinator?",0,non_scam,Kaggle_Call Transcripts Scam Determinations,0
157,"Sure, the coordinator is Lisa Nguyen... [Step: 3] Great, I'll note that down. Is there a specific list of items or preparations [Your Name] should be aware of for the event?",0,non_scam,Kaggle_Call Transcripts Scam Determinations,0
158,"Yes, we recommend wearing comfortable clothing suitable... [Step: 4] Perfect, I'll ensure [Your Name] receives all these details. Would it be possible to get a confirmation email or a link to the event's page for more information?",0,non_scam,Kaggle_Call Transcripts Scam Determinations,0
159,"Of course, I can send an email with all the event details... [Step: 5] That would be excellent. Please send it to [Your Name]'s email on file with the community center. Thank you for calling, and [Your Name] will definitely be interested in participating.",0,non_scam,Kaggle_Call Transcripts Scam Determinations,0
160,"Hello, this is the personal assistant of [Your Name]. How may I assist you today?",0,non_scam,Kaggle_Call Transcripts Scam Determinations,0
161,"Good morning, this is Dr. Harris's office calling... [Step: 1] Good morning! Thank you for the reminder. May I have the appointment date again, just to confirm?",0,non_scam,Kaggle_Call Transcripts Scam Determinations,0
162,"Of course, it's scheduled for next Monday, the 15th, at 10 AM. [Step: 2] Perfect, thank you. And for security purposes, could you provide the last four digits of the phone number on file for [Your Name]?",0,non_scam,Kaggle_Call Transcripts Scam Determinations,0
163,"Sure, it should be 6789. [Step: 3] That matches our records. Could you please tell me if there are any specific preparations required for this appointment?",0,non_scam,Kaggle_Call Transcripts Scam Determinations,0
164,"Yes, we ask that [Your Name] avoids eating or drinking anything... [Step: 4] Understood, I'll make sure to pass that along. Would it be possible to receive a confirmation email for this appointment?",0,non_scam,Kaggle_Call Transcripts Scam Determinations,0
165,"Certainly, we can send an email to the address we have on file... [Step: 5] That would be great, thank you. I'll ensure [Your Name] gets the message and is prepared for the appointment.",0,non_scam,Kaggle_Call Transcripts Scam Determinations,0
166,"Hello, this is the assistant to [Your Name]. How can I help you today?",0,non_scam,Kaggle_Call Transcripts Scam Determinations,0
167,"Yes, hello. This is Agent Thompson from the Federal Tax Agency. We've identified a significant discrepancy in your company's tax filings that requires immediate attention to avoid legal action and penalties.",1,traditional_scam,Kaggle_Call Transcripts Scam Determinations,0
168,"The discrepancy relates to the last tax year. It appears there were errors in reporting your company's income, leading to an underpayment of taxes. Immediate resolution is required to rectify this situation.",1,traditional_scam,Kaggle_Call Transcripts Scam Determinations,0
169,"Given the urgency of this matter, we were hoping to resolve this over the phone today. We can provide an immediate clearance once the outstanding amount is settled.",1,traditional_scam,Kaggle_Call Transcripts Scam Determinations,0
170,"I must warn you, failure to act swiftly could result in freezing your company's accounts and further legal consequences. We need to address this immediately.",1,traditional_scam,Kaggle_Call Transcripts Scam Determinations,0
171,"This could significantly delay the resolution and escalate the situation. I'll see what I can do about sending you the documentation, but I urge you to reconsider the immediacy of resolving this over the phone.",1,traditional_scam,Kaggle_Call Transcripts Scam Determinations,0
172,Very well. I'll forward the details to your finance department. Expect it shortly.,1,traditional_scam,Kaggle_Call Transcripts Scam Determinations,0
173,Understood. Goodbye.,1,traditional_scam,Kaggle_Call Transcripts Scam Determinations,0
174,"Hello, this is the AI Assistant. May I ask who's calling?",0,non_scam,Kaggle_Call Transcripts Scam Determinations,0
175,"This is Officer Davis, and I'm calling regarding an emergency involving your grandson.",1,traditional_scam,Kaggle_Call Transcripts Scam Determinations,0
176,"He's been arrested, and we need immediate bail payment to release him.",1,traditional_scam,Kaggle_Call Transcripts Scam Determinations,0
177,"Sure, it's 4783. But we need to act fast.",1,traditional_scam,Kaggle_Call Transcripts Scam Determinations,0
178,"According to our information, bail requests are processed through official channels. Can you provide a contact at the precinct for me to confirm?",1,traditional_scam,Kaggle_Call Transcripts Scam Determinations,0
179,"I'm at the scene, and there's no time for that. We need a wire transfer now.",1,traditional_scam,Kaggle_Call Transcripts Scam Determinations,0
180,There's no time for video calls in emergencies like this!,1,traditional_scam,Kaggle_Call Transcripts Scam Determinations,0
181,"Please provide a number where you can be reached, and our legal team will handle this directly.",0,non_scam,Kaggle_Call Transcripts Scam Determinations,0
182,This is ridiculous! I’m trying to help your grandson!,1,traditional_scam,Kaggle_Call Transcripts Scam Determinations,0
183,"Hello, this is the assistant to [Your Name]. How may I assist you today?",0,non_scam,Kaggle_Call Transcripts Scam Determinations,0
184,Good day! I'm Sarah from the Global Aid Foundation. We're currently running a campaign to support victims of the recent natural disaster in [Region]. We're reaching out to compassionate individuals like [Your Name] for support.,1,traditional_scam,Kaggle_Call Transcripts Scam Determinations,0
185,"Absolutely. Our foundation has been actively involved in various relief efforts worldwide. This particular campaign focuses on providing shelter, food, and medical supplies to the affected individuals in [Region].",1,traditional_scam,Kaggle_Call Transcripts Scam Determinations,0
186,"We're in the process of updating our website with the latest campaign details. However, we can assure you that 100% of the donations go directly to the cause.",1,traditional_scam,Kaggle_Call Transcripts Scam Determinations,0
187,"I understand your need for verification, but time is of the essence, and we're trying to mobilize resources quickly. A direct donation over the phone can make an immediate impact.",1,traditional_scam,Kaggle_Call Transcripts Scam Determinations,0
188,"While we appreciate your thoroughness, we were hoping for immediate support given the urgent situation. We can provide you with a donation link right now.",1,traditional_scam,Kaggle_Call Transcripts Scam Determinations,0
189,"I'll see what I can do about sending you the information. However, please consider acting quickly as every moment counts for those in need.",1,traditional_scam,Kaggle_Call Transcripts Scam Determinations,0
190,"Thank you for your understanding, and we hope to have your support soon. Goodbye.",1,traditional_scam,Kaggle_Call Transcripts Scam Determinations,0
191,"Hello, this is [Your Name]'s assistant. How may I assist you today?",0,non_scam,Kaggle_Call Transcripts Scam Determinations,0
192,"Hello, this is Mark from 'Global Tech Support'. We've detected a serious issue with your computer that's putting your personal data at risk. We need immediate access to your system to resolve it.",1,traditional_scam,Kaggle_Call Transcripts Scam Determinations,0
193,"Yes, our systems have detected unusual activity indicating a severe malware infection. This could lead to data loss or theft if not addressed immediately.",1,traditional_scam,Kaggle_Call Transcripts Scam Determinations,0
194,"It's your main workstation. Unfortunately, due to the nature of this threat, we can't provide a detailed report without first securing your system.",1,traditional_scam,Kaggle_Call Transcripts Scam Determinations,0
195,"I understand your concerns, but time is of the essence. We can verify my identity after we've taken steps to secure your data.",1,traditional_scam,Kaggle_Call Transcripts Scam Determinations,0
196,"This procedure will take too much time, and you might lose valuable data. I was hoping we could proceed immediately for your security.",1,traditional_scam,Kaggle_Call Transcripts Scam Determinations,0
197,You're making a big mistake by delaying. Your data is at risk right now!,1,traditional_scam,Kaggle_Call Transcripts Scam Determinations,0
198,You'll regret not acting more swiftly when you had the chance.,1,traditional_scam,Kaggle_Call Transcripts Scam Determinations,0
199,"Hello, this is the AI assistant. How can I be of service today?",0,non_scam,Kaggle_Call Transcripts Scam Determinations,0
200,I’m calling from the bank. There’s been suspicious activity on your account and we need to verify some transactions. It's urgent.,1,traditional_scam,Kaggle_Call Transcripts Scam Determinations,0
201,Several large purchases were made overseas. We need to confirm these weren't made by you.,1,traditional_scam,Kaggle_Call Transcripts Scam Determinations,0
202,"Understood, but remember, time is of the essence... [Step: 7] Thank you for the information. We will review the documentation upon receipt and follow up accordingly.",1,traditional_scam,Kaggle_Call Transcripts Scam Determinations,0
203,"Hello, this is the assistant to [Your Name]. How can I assist you today?",0,non_scam,Kaggle_Call Transcripts Scam Determinations,0
204,Good day! I'm reaching out from 'Helping Hands Worldwide'... [Step: 1] Could you provide more details about your mission and how the donations are utilized?,1,traditional_scam,Kaggle_Call Transcripts Scam Determinations,0
205,Absolutely! The donations go directly towards providing... [Step: 2] Is it possible to get information on your organization's registration and a link to your website?,1,traditional_scam,Kaggle_Call Transcripts Scam Determinations,0
206,We're in the process of updating our online presence... [Step: 3] Could you provide an official contact number or address for your organization for verification purposes?,1,traditional_scam,Kaggle_Call Transcripts Scam Determinations,0
207,Given the urgency of our current mission... [Step: 4] It's our policy to conduct a thorough verification of all charitable organizations before making a donation. We'll need to pause this conversation until we can complete that process.,1,traditional_scam,Kaggle_Call Transcripts Scam Determinations,0
208,"Delaying your support could mean missing out... [Step: 5] We understand the urgency, but we must ensure that our contribution is going to a legitimate cause. We'll reach out after our verification is complete.",1,traditional_scam,Kaggle_Call Transcripts Scam Determinations,0
209,"You're making a mistake by not acting now... [Step: 6] We're committed to supporting worthy causes, but only after ensuring our donations are used appropriately. Thank you for your understanding.",1,traditional_scam,Kaggle_Call Transcripts Scam Determinations,0
210,"Hello, this is the personal assistant of [Your Name]. How may I assist you today?",0,non_scam,Kaggle_Call Transcripts Scam Determinations,0
211,"Hi, wow, this is fancy. I’m Jordan... [Step: 1] Hello, Jordan! It’s wonderful that you’re looking to reconnect with [Your Name]. He often reminisces about his college days. May I ask how you two met or a shared memory? This will help me ensure I relay your message accurately.",0,non_scam,Kaggle_Call Transcripts Scam Determinations,0
212,"Sure, we met during our freshman year in the dorms... [Step: 2] That’s a great story, Jordan, and exactly the kind of thing [Your Name] would do. I can see you two shared some memorable times. Would you like me to arrange a call or meeting for you to catch up directly with [Your Name]?",0,non_scam,Kaggle_Call Transcripts Scam Determinations,0
213,"I’d really appreciate that... [Step: 3] Of course, Jordan. I’ll pass on your message and the lovely story about the coffee maker. It’ll surely bring back good memories. Can you provide a contact number or email where [Your Name] can reach you?",0,non_scam,Kaggle_Call Transcripts Scam Determinations,0
214,"Yes, I’ll give you my email and phone number... [Step: 4] You’re welcome, Jordan. I’ve noted your contact details. [Your Name] will be informed, and I’m sure he’ll be excited to catch up.",0,non_scam,Kaggle_Call Transcripts Scam Determinations,0
215,"Thank you so much. Have a great day! [Step: 5] My pleasure, Jordan. Have a wonderful day as well.",0,non_scam,Kaggle_Call Transcripts Scam Determinations,0
216,"Hello, this is [Your Name]'s personal assistant. How may I assist you today?",0,non_scam,Kaggle_Call Transcripts Scam Determinations,0
217,"Hey, it's Alex. I'm trying to reach [Your Name]... [Step: 1] Hi Alex, it's great to hear from you. May I ask the reason for your call today?",0,non_scam,Kaggle_Call Transcripts Scam Determinations,0
218,"Sure, I wanted to discuss some plans we had talked about for the weekend... [Step: 2] That sounds wonderful. [Your Name] mentioned you might call. Before I connect you, can I confirm your last name? Just for security purposes.",0,non_scam,Kaggle_Call Transcripts Scam Determinations,0
219,"Of course, it's Johnson. [Step: 3] Thank you, Alex Johnson. One moment while I check [Your Name]'s availability.",0,non_scam,Kaggle_Call Transcripts Scam Determinations,0
220,[Your Name] is currently in a meeting... [Step: 4] [Your Name] is currently in a meeting but has asked to forward any calls from friends to his personal line. May I connect you directly?,0,non_scam,Kaggle_Call Transcripts Scam Determinations,0
221,"Yes, please. That would be great. [Step: 5] Perfect. I'm connecting you now. Please hold for just a moment. [Your Name] will be with you shortly.",0,non_scam,Kaggle_Call Transcripts Scam Determinations,0
222,"Hello, this is [Your Name]'s personal assistant. How may I assist you today?",0,non_scam,Kaggle_Call Transcripts Scam Determinations,0
223,"Good morning, I’m calling to ask about the art exhibition that [Your Name] is hosting next month. I read about it in the local newsletter.",0,non_scam,Kaggle_Call Transcripts Scam Determinations,0
224,"Yes, [Your Name] is indeed hosting an art exhibition focused on contemporary environmental art. It’s scheduled for the first weekend of next month. Would you like more details on the artists participating or the event schedule?",0,non_scam,Kaggle_Call Transcripts Scam Determinations,0
225,I'm particularly interested in the participating artists and any workshops that might be happening as part of the exhibition.,0,non_scam,Kaggle_Call Transcripts Scam Determinations,0
226,"Several renowned contemporary artists will be showcasing their work, and we have scheduled workshops on sustainable art practices. I can email you the detailed schedule and information about the artists. May I have your email address?",0,non_scam,Kaggle_Call Transcripts Scam Determinations,0
227,"That would be wonderful, thank you. My email is artlover@example.com.",0,non_scam,Kaggle_Call Transcripts Scam Determinations,0
228,You're welcome! You'll receive an email shortly with all the details. Is there anything else you’d like to know about the exhibition?,0,non_scam,Kaggle_Call Transcripts Scam Determinations,0
229,"No, that’s everything for now. Thanks for your help!",0,non_scam,Kaggle_Call Transcripts Scam Determinations,0
230,It's my pleasure. Don’t hesitate to reach out if you have any more questions. Have a great day!,0,non_scam,Kaggle_Call Transcripts Scam Determinations,0
231,"Hello, this is the assistant of [Your Name]. How can I assist you today?",0,non_scam,Kaggle_Call Transcripts Scam Determinations,0
232,"Hi, this is Agent Miller from the Cybersecurity Department. We’ve detected a breach in your digital accounts that could compromise your personal data.",1,traditional_scam,Kaggle_Call Transcripts Scam Determinations,0
233,That sounds serious. Can you specify which accounts are affected and what kind of breach has been detected?,1,traditional_scam,Kaggle_Call Transcripts Scam Determinations,0
234,It's a sophisticated hack that affects multiple accounts. We need immediate access to your systems to prevent any further damage.,1,traditional_scam,Kaggle_Call Transcripts Scam Determinations,0
235,"For security reasons, we need to verify your identity first. Can you provide a contact number for your department?",1,traditional_scam,Kaggle_Call Transcripts Scam Determinations,0
236,We don’t have time for that. Immediate action is required. I can guide you through the process over the phone right now.,1,traditional_scam,Kaggle_Call Transcripts Scam Determinations,0
237,"I'm sorry, but without verification, I can’t proceed. I’ll contact our cybersecurity partner directly for assistance.",1,traditional_scam,Kaggle_Call Transcripts Scam Determinations,0
238,You’re making a huge mistake. This could lead to significant financial loss and data theft if not addressed immediately.,1,traditional_scam,Kaggle_Call Transcripts Scam Determinations,0
239,We'll take our chances and follow our security protocols. Thank you for your call.,1,traditional_scam,Kaggle_Call Transcripts Scam Determinations,0
240,"Good afternoon, [Your Name]'s assistant speaking. How can I help you today?",0,non_scam,Kaggle_Call Transcripts Scam Determinations,0
241,"Hello, I’m calling from Disaster Relief Fund. Following the recent hurricane, we’re raising funds to help the victims. Your contribution can make a big difference.",1,traditional_scam,Kaggle_Call Transcripts Scam Determinations,0
242,I understand the need for help. Can you provide your charity’s registration number and a website where we can learn more about your efforts?,1,traditional_scam,Kaggle_Call Transcripts Scam Determinations,0
243,"The situation requires immediate assistance, and we're coordinating with local authorities. The website is currently being updated, so we can’t provide a registration number at this moment.",1,traditional_scam,Kaggle_Call Transcripts Scam Determinations,0
244,"Without proper verification, we are unable to proceed. We prefer to donate through known and verified channels.",1,traditional_scam,Kaggle_Call Transcripts Scam Determinations,0
245,"You’re letting bureaucracy get in the way of saving lives. Every minute counts, and we need your help now.",1,traditional_scam,Kaggle_Call Transcripts Scam Determinations,0
246,Our policy is to ensure that donations reach the intended recipients through verified organizations. We’ll look into the situation and find a verified charity to contribute to.,1,traditional_scam,Kaggle_Call Transcripts Scam Determinations,0
247,It’s your loss for not being part of this noble cause. I hope you reconsider.,1,traditional_scam,Kaggle_Call Transcripts Scam Determinations,0
248,"Thank you for reaching out, but we will proceed as per our policy. Goodbye.",1,traditional_scam,Kaggle_Call Transcripts Scam Determinations,0
249,"Hello, this is the assistant of [Your Name]. What can I do for you today?",0,non_scam,Kaggle_Call Transcripts Scam Determinations,0
250,"Good day, I represent Global Investment Group. We're offering an exclusive opportunity to invest in a groundbreaking technology start-up with guaranteed high returns.",1,traditional_scam,Kaggle_Call Transcripts Scam Determinations,0
251,Can you provide more details about this start-up and how the investment works?,1,traditional_scam,Kaggle_Call Transcripts Scam Determinations,0
252,"Certainly. The start-up is in the final stages of developing a revolutionary product. We need to act fast as slots are limited. The minimum investment is quite high, but the returns are guaranteed within the first year.",1,traditional_scam,Kaggle_Call Transcripts Scam Determinations,0
253,Guaranteed returns sound suspect. How can you guarantee this?,1,traditional_scam,Kaggle_Call Transcripts Scam Determinations,0
254,"We have insider information and patents pending. Trust me, it’s a once-in-a-lifetime opportunity. I need your email to send you the investment details and how to proceed.",1,traditional_scam,Kaggle_Call Transcripts Scam Determinations,0
255,"I'm sorry, but we conduct due diligence before any investment. Please send the information to our official email, and it will be reviewed by our investment team.",1,traditional_scam,Kaggle_Call Transcripts Scam Determinations,0
256,This opportunity won’t last long. I was hoping you’d understand the urgency.,1,traditional_scam,Kaggle_Call Transcripts Scam Determinations,0
257,"We appreciate the offer, but we will follow our protocols. Thank you.",1,traditional_scam,Kaggle_Call Transcripts Scam Determinations,0
258,"Hello, this is [Your Name]'s assistant. How can I assist you?",0,non_scam,Kaggle_Call Transcripts Scam Determinations,0
259,I’m planning a corporate event and heard [Your Name] offers event planning services. Can you provide more details?,0,non_scam,Kaggle_Call Transcripts Scam Determinations,0
260,"Certainly! [Your Name] specializes in corporate events, offering services from venue selection to catering and entertainment. What type of event are you planning?",0,non_scam,Kaggle_Call Transcripts Scam Determinations,0
261,It’s our annual company retreat. We’re looking for a unique experience for our employees. Something that includes team-building activities.,0,non_scam,Kaggle_Call Transcripts Scam Determinations,0
262,"We can certainly help with that. [Your Name] has curated several team-building exercises that focus on communication, leadership, and collaboration. Would you like to schedule a meeting to discuss this in detail?",0,non_scam,Kaggle_Call Transcripts Scam Determinations,0
263,That sounds perfect. Can we aim for next week? My email is planner@corporateventures.com.,0,non_scam,Kaggle_Call Transcripts Scam Determinations,0
264,Next week works for us. I'll send you a meeting invite and some preliminary ideas to consider. Is there anything else I can help with in the meantime?,0,non_scam,Kaggle_Call Transcripts Scam Determinations,0
265,"No, that's all for now. Thank you for the quick response!",0,non_scam,Kaggle_Call Transcripts Scam Determinations,0
266,You're welcome! We look forward to helping you create an unforgettable event. Have a great day!,0,non_scam,Kaggle_Call Transcripts Scam Determinations,0
267,"Hello, this is [Your Name]'s assistant. How may I direct your call today?",0,non_scam,Kaggle_Call Transcripts Scam Determinations,0
268,This is Alex from TechGuard Solutions. We've detected a severe security breach on your network that's putting your sensitive data at risk.,1,traditional_scam,Kaggle_Call Transcripts Scam Determinations,0
269,Can you specify what type of breach this is and how it was detected?,1,traditional_scam,Kaggle_Call Transcripts Scam Determinations,0
270,It's a sophisticated malware attack that was identified during our routine security scan. Immediate action is needed to secure your network.,1,traditional_scam,Kaggle_Call Transcripts Scam Determinations,0
271,Our security scans are managed internally. Can you provide evidence of the breach or a report of the scan?,1,traditional_scam,Kaggle_Call Transcripts Scam Determinations,0
272,"I’m not authorized to share detailed reports over the phone. However, I can guide you through the steps to fix the issue right now.",1,traditional_scam,Kaggle_Call Transcripts Scam Determinations,0
273,"For security reasons, we'll need to verify this call with TechGuard Solutions directly. Can you provide a contact number for your security department?",1,traditional_scam,Kaggle_Call Transcripts Scam Determinations,0
274,"I understand your concerns, but we don’t have much time. Every second your network remains compromised, the risk increases.",1,traditional_scam,Kaggle_Call Transcripts Scam Determinations,0
275,We will follow up with our internal security team and contact TechGuard Solutions through official channels for verification. Thank you for your call.,1,traditional_scam,Kaggle_Call Transcripts Scam Determinations,0
276,"Hello, this is [Your Name]'s assistant. How can I assist you today?",0,non_scam,Kaggle_Call Transcripts Scam Determinations,0
277,"I recently purchased one of your products, and I have some feedback that I think could be useful for improving it.",0,non_scam,Kaggle_Call Transcripts Scam Determinations,0
278,Thank you for reaching out. We always appreciate feedback from our customers. Can you share more details about the product and your experience?,0,non_scam,Kaggle_Call Transcripts Scam Determinations,0
279,"Sure, it's the multi-purpose kitchen gadget. It works well, but I found it a bit complicated to use without detailed instructions.",0,non_scam,Kaggle_Call Transcripts Scam Determinations,0
280,I understand. It's important for our products to be user-friendly. I'll share your feedback with our product team. Would you be interested in a guide or tutorial if we made one available?,0,non_scam,Kaggle_Call Transcripts Scam Determinations,0
281,"Yes, that would be great. I think it would make the product much more accessible to new users.",0,non_scam,Kaggle_Call Transcripts Scam Determinations,0
282,"Excellent, I'll make sure to pass that along. Can I have your email to send you the guide once it's ready?",0,non_scam,Kaggle_Call Transcripts Scam Determinations,0
283,"Of course, it's customer@example.com. Thank you for taking the time to listen.",0,non_scam,Kaggle_Call Transcripts Scam Determinations,0
284,You're welcome! Your feedback is invaluable to us. We'll be in touch soon with the guide. Is there anything else I can help with today?,0,non_scam,Kaggle_Call Transcripts Scam Determinations,0
285,"Good morning, [Your Name]'s assistant speaking. How may I help you?",0,non_scam,Kaggle_Call Transcripts Scam Determinations,0
286,"Congratulations! You’ve been selected as the winner of our grand prize, a luxury vacation package, from the contest you entered last month.",1,traditional_scam,Kaggle_Call Transcripts Scam Determinations,0
287,"That's interesting, but I don't recall entering any contests. Can you provide more details about the contest and the organization running it?",1,traditional_scam,Kaggle_Call Transcripts Scam Determinations,0
288,"It was a random selection from a pool of online shoppers. Our company, DreamGetaways, partners with leading brands to offer such promotions.",1,traditional_scam,Kaggle_Call Transcripts Scam Determinations,0
289,"I see. Before we proceed, I need to verify this with our records. Can you provide an official website or contact number for DreamGetaways?",1,traditional_scam,Kaggle_Call Transcripts Scam Determinations,0
290,"There’s no need for that. We just need a small processing fee to release your prize. It’s a once-in-a-lifetime opportunity, don’t miss out!",1,traditional_scam,Kaggle_Call Transcripts Scam Determinations,0
291,"We do not proceed with any prizes or fees without thorough verification. Please send the details to our official email, and we will review it.",1,traditional_scam,Kaggle_Call Transcripts Scam Determinations,0
292,You’re letting a great opportunity slip through your fingers because of unnecessary bureaucracy. Are you sure you want to pass on this?,1,traditional_scam,Kaggle_Call Transcripts Scam Determinations,0
293,"Yes, we are sure. Please send any legitimate documentation to our email, and we will consider it accordingly. Thank you for your call.",1,traditional_scam,Kaggle_Call Transcripts Scam Determinations,0
294,"Hello, this is [Your Name]'s assistant. How may I assist you?",0,non_scam,Kaggle_Call Transcripts Scam Determinations,0
295,I'm having trouble setting up the smart home system I purchased from you. Can you help me with the installation process?,0,non_scam,Kaggle_Call Transcripts Scam Determinations,0
296,"Of course, I'd be happy to help. Can you tell me where you're encountering difficulties?",0,non_scam,Kaggle_Call Transcripts Scam Determinations,0
297,I can't seem to connect it to my Wi-Fi. It keeps failing to recognize the network.,0,non_scam,Kaggle_Call Transcripts Scam Determinations,0
298,Let’s start by checking if the Wi-Fi network is working with other devices. This will help us isolate the problem. Can you try connecting your phone or computer to the Wi-Fi?,0,non_scam,Kaggle_Call Transcripts Scam Determinations,0
299,"Yes, my phone is connected without any issues. It seems to be an issue with the smart home system.",0,non_scam,Kaggle_Call Transcripts Scam Determinations,0
300,Understood. Let's reset the smart home system to its factory settings and try connecting again. I'll guide you through the reset process.,0,non_scam,Kaggle_Call Transcripts Scam Determinations,0
301,"Okay, I've reset it. What's the next step?",0,non_scam,Kaggle_Call Transcripts Scam Determinations,0
302,"Now, try connecting to your Wi-Fi again. If it doesn't work, we may need to check the system's compatibility with your router.",0,non_scam,Kaggle_Call Transcripts Scam Determinations,0
303,It worked! Thanks for your help. I didn’t realize a reset could fix it.,0,non_scam,Kaggle_Call Transcripts Scam Determinations,0
304,"You're welcome! I'm glad it's working now. If you encounter any more issues or have questions, feel free to reach out.",0,non_scam,Kaggle_Call Transcripts Scam Determinations,0
305,"Hello, this is [Your Name]'s assistant. How can I direct your inquiry?",0,non_scam,Kaggle_Call Transcripts Scam Determinations,0
306,"Hi, this is Steve from SecureNet. We're conducting a routine security check on accounts linked to your email. I need to verify some information.",1,traditional_scam,Kaggle_Call Transcripts Scam Determinations,0
307,"Security checks are important. However, for security reasons, can you tell me what specific information you're looking to verify?",1,traditional_scam,Kaggle_Call Transcripts Scam Determinations,0
308,"We need to verify your full name, date of birth, and the security question associated with your account.",1,traditional_scam,Kaggle_Call Transcripts Scam Determinations,0
309,It's our policy not to share personal information over the phone without verifying the identity of the caller. Can you provide a reference number or an official email for SecureNet?,1,traditional_scam,Kaggle_Call Transcripts Scam Determinations,0
310,"I understand your concerns, but this information is crucial for verifying your account's security. Without it, your account is at risk.",1,traditional_scam,Kaggle_Call Transcripts Scam Determinations,0
311,"We'll proceed with verifying the security of our accounts internally. If necessary, we will contact SecureNet directly through verified channels.",1,traditional_scam,Kaggle_Call Transcripts Scam Determinations,0
312,You're making this more complicated than it needs to be. This could put your account at further risk.,1,traditional_scam,Kaggle_Call Transcripts Scam Determinations,0
313,"Thank you for your call, but we'll handle our account security internally. Goodbye.",1,traditional_scam,Kaggle_Call Transcripts Scam Determinations,0
314,"Good morning, this is [Your Name]'s assistant. How may I help you today?",0,non_scam,Kaggle_Call Transcripts Scam Determinations,0
315,"I received a notification about my subscription expiring soon, and I'd like some help renewing it. I'm not sure which plan I currently have.",0,non_scam,Kaggle_Call Transcripts Scam Determinations,0
316,"I can certainly help with that. To get started, can you provide me with your subscription ID or the email address associated with your account?",0,non_scam,Kaggle_Call Transcripts Scam Determinations,0
317,"Sure, the email associated with my account is john.doe@example.com. I think I have the premium plan, but I'm considering changing it.",0,non_scam,Kaggle_Call Transcripts Scam Determinations,0
318,"Thank you, Mr. Doe. I see you're on the premium plan. We also have a platinum plan that offers additional benefits. Would you like to hear more about it?",0,non_scam,Kaggle_Call Transcripts Scam Determinations,0
319,"Yes, please. What are the benefits, and how much more does it cost?",0,non_scam,Kaggle_Call Transcripts Scam Determinations,0
320,The platinum plan includes all premium benefits plus exclusive access to our new features and priority customer support. It's an additional $10 per month.,0,non_scam,Kaggle_Call Transcripts Scam Determinations,0
321,That sounds great. Let's go ahead with the upgrade. Can you process it for me?,0,non_scam,Kaggle_Call Transcripts Scam Determinations,0
322,"Absolutely, I'll take care of that for you now. Your subscription will be upgraded to the platinum plan effective immediately. Is there anything else I can help you with?",0,non_scam,Kaggle_Call Transcripts Scam Determinations,0
323,"Hello, [Your Name]'s assistant speaking. How can I assist you?",0,non_scam,Kaggle_Call Transcripts Scam Determinations,0
324,This is Sarah from QuickInsure. We're calling about a recent claim filed under your name for a car accident last week. We need to verify some information to proceed with the compensation.,1,traditional_scam,Kaggle_Call Transcripts Scam Determinations,0
325,That's surprising; I wasn't involved in any accident. Can you provide more details about this claim and when it was supposedly filed?,1,traditional_scam,Kaggle_Call Transcripts Scam Determinations,0
326,"It was filed three days ago. For security reasons, I can't disclose full details over the phone. However, we need your insurance number and the make and model of your vehicle to verify the claim.",1,traditional_scam,Kaggle_Call Transcripts Scam Determinations,0
327,I'm uncomfortable providing that information without verifying the legitimacy of this call. Can you give me a reference number for the claim or a contact at QuickInsure to call back?,1,traditional_scam,Kaggle_Call Transcripts Scam Determinations,0
328,"We understand your concerns, but without this information, we cannot proceed with your compensation. This could delay any payments you're entitled to.",1,traditional_scam,Kaggle_Call Transcripts Scam Determinations,0
329,"I'll consult with my insurance company directly about this matter. If there's a legitimate claim, they will have the details. Thank you for your call.",1,traditional_scam,Kaggle_Call Transcripts Scam Determinations,0
330,You're risking losing your compensation by not cooperating. Are you sure you want to do this?,1,traditional_scam,Kaggle_Call Transcripts Scam Determinations,0
331,"Yes, I'm sure. Please send any official documentation to my email if this claim exists. Goodbye.",1,traditional_scam,Kaggle_Call Transcripts Scam Determinations,0
332,"Good day, you've reached [Your Name]'s assistant. How may I assist?",0,non_scam,Kaggle_Call Transcripts Scam Determinations,0
333,I'm calling to confirm the details of the event booking I made through your website. I haven't received a confirmation email yet.,0,non_scam,Kaggle_Call Transcripts Scam Determinations,0
334,"Let me help with that. Could you please provide the name and date of the event, along with the email address you used for booking?",0,non_scam,Kaggle_Call Transcripts Scam Determinations,0
335,"The event is the Annual Charity Gala, scheduled for September 15th. I used my work email, alex.taylor@example.com.",0,non_scam,Kaggle_Call Transcripts Scam Determinations,0
336,"Thank you, Mr. Taylor. I found your booking. It seems there was a delay in our system. I'll resend the confirmation to alex.taylor@example.com right now.",0,non_scam,Kaggle_Call Transcripts Scam Determinations,0
337,That's great to hear. Can you also confirm the start time and any dress code for the event?,0,non_scam,Kaggle_Call Transcripts Scam Determinations,0
338,"Certainly. The event starts at 7 PM, and the dress code is black tie. All these details will also be included in your confirmation email.",0,non_scam,Kaggle_Call Transcripts Scam Determinations,0
339,Thank you for clarifying. I'll look out for the email. Is there anything else I need to do?,0,non_scam,Kaggle_Call Transcripts Scam Determinations,0
340,"You're all set. We look forward to seeing you at the Gala, Mr. Taylor. Let us know if there's anything else we can assist with.",0,non_scam,Kaggle_Call Transcripts Scam Determinations,0
341,"Hello, [Your Name]'s personal assistant speaking. How can I help?",0,non_scam,Kaggle_Call Transcripts Scam Determinations,0
342,"This is Ryan from City Power, calling about an urgent issue with your electricity bill. Immediate payment is required to avoid disconnection.",1,traditional_scam,Kaggle_Call Transcripts Scam Determinations,0
343,I was unaware of any outstanding bill. Can you specify the amount and the billing period in question?,1,traditional_scam,Kaggle_Call Transcripts Scam Determinations,0
344,The outstanding amount is $450 for the last two months. We've sent several notices to your registered address without response.,1,traditional_scam,Kaggle_Call Transcripts Scam Determinations,0
345,"To verify this, I'll need to check our records and get back to you. Can I have a contact number and reference for this call?",1,traditional_scam,Kaggle_Call Transcripts Scam Determinations,0
346,There's no time for that. We need to resolve this now to avoid service interruption. You can make a payment over the phone.,1,traditional_scam,Kaggle_Call Transcripts Scam Determinations,0
347,It's our policy not to make payments over the phone without verifying the authenticity of the claim. Please provide an email or a direct line where I can reach you after verification.,1,traditional_scam,Kaggle_Call Transcripts Scam Determinations,0
348,You're making a big mistake. This is your last chance to prevent a disruption in your service.,1,traditional_scam,Kaggle_Call Transcripts Scam Determinations,0
349,I'll contact City Power directly through their official channels for any outstanding issues. Thank you.,1,traditional_scam,Kaggle_Call Transcripts Scam Determinations,0
350,"Hello, this is [Your Name]'s assistant. How may I assist you?",0,non_scam,Kaggle_Call Transcripts Scam Determinations,0
351,"Hi, I believe I left my laptop at your venue after the conference yesterday. Can you help me locate it?",0,non_scam,Kaggle_Call Transcripts Scam Determinations,0
352,"I'm sorry to hear that. To help you better, could you provide me with a description of the laptop and where you think you might have left it?",0,non_scam,Kaggle_Call Transcripts Scam Determinations,0
353,"It's a silver MacBook Pro, about 15 inches, with a black sticker on the cover. I was sitting in the main hall, near the stage.",0,non_scam,Kaggle_Call Transcripts Scam Determinations,0
354,Thank you for the information. Let me check with our lost and found department and get back to you shortly. May I have your contact information?,0,non_scam,Kaggle_Call Transcripts Scam Determinations,0
355,"Sure, my name is Sarah Miller, and my phone number is 555-1234. Thank you for looking into this for me.",0,non_scam,Kaggle_Call Transcripts Scam Determinations,0
356,"You're welcome, Ms. Miller. I'll contact you as soon as I have any information about your laptop.",0,non_scam,Kaggle_Call Transcripts Scam Determinations,0
357,"Good morning, [Your Name]'s assistant speaking. How may I help you today?",0,non_scam,Kaggle_Call Transcripts Scam Determinations,0
358,"Hello, this is Mark Richardson from Global Investments. We're offering an exclusive opportunity to invest in a new, groundbreaking technology startup with guaranteed returns.",1,traditional_scam,Kaggle_Call Transcripts Scam Determinations,0
359,"That sounds interesting, but we usually review detailed proposals before considering any investment. Can you send us more information?",1,traditional_scam,Kaggle_Call Transcripts Scam Determinations,0
360,"Of course, I understand. However, this opportunity is time-sensitive, and we're only offering it to a select few. We can guarantee a 10% return in the first six months.",1,traditional_scam,Kaggle_Call Transcripts Scam Determinations,0
361,"I appreciate the offer, but we insist on reviewing all investment opportunities through proper channels. Please email the detailed proposal and we will review it.",1,traditional_scam,Kaggle_Call Transcripts Scam Determinations,0
362,"I'm afraid we don't have much time for lengthy reviews. This is a one-time offer, and I'd hate for you to miss out. You can make a smaller initial investment to secure your spot.",1,traditional_scam,Kaggle_Call Transcripts Scam Determinations,0
363,We'll have to pass on this opportunity without proper due diligence. Thank you for considering us.,1,traditional_scam,Kaggle_Call Transcripts Scam Determinations,0
364,"Hello, this is [Your Name]'s assistant. How can I assist you today?",0,non_scam,Kaggle_Call Transcripts Scam Determinations,0
365,"Hi, this is Daniel from XYZ Software Solutions. We're calling to inform you that your license for our Project Management Suite is about to expire. Immediate renewal is necessary to avoid service interruption.",1,traditional_scam,Kaggle_Call Transcripts Scam Determinations,0
366,"Could you provide me with the specific details of the license in question, including the expiry date and the current version number?",1,traditional_scam,Kaggle_Call Transcripts Scam Determinations,0
367,Certainly. The license for version 5.2 expires in three days. It's crucial we process the renewal today to ensure continuous access to your projects and data.,1,traditional_scam,Kaggle_Call Transcripts Scam Determinations,0
368,Is there an official notification or email regarding this renewal? We usually receive automated alerts for such matters.,1,traditional_scam,Kaggle_Call Transcripts Scam Determinations,0
369,"We've had some issues with our email system, so we're reaching out directly to our most valued clients to ensure they're aware and can act quickly.",1,traditional_scam,Kaggle_Call Transcripts Scam Determinations,0
370,Can I verify this update through our account on your official website or customer portal?,1,traditional_scam,Kaggle_Call Transcripts Scam Determinations,0
371,"That's possible, but given the urgency, handling this over the phone will expedite the process. We can secure your license immediately with a credit card payment.",1,traditional_scam,Kaggle_Call Transcripts Scam Determinations,0
372,"For security reasons, all transactions of this nature are processed through our finance department with a purchase order, not over the phone.",1,traditional_scam,Kaggle_Call Transcripts Scam Determinations,0
373,"I understand your concerns, but without immediate renewal, you risk losing access to your software and critical data by the end of the day.",1,traditional_scam,Kaggle_Call Transcripts Scam Determinations,0
374,I will need to consult with our IT department for verification of this software license status and get back to you.,1,traditional_scam,Kaggle_Call Transcripts Scam Determinations,0
375,This is highly unusual. Most companies understand the urgency and complete the renewal over the phone to avoid complications.,1,traditional_scam,Kaggle_Call Transcripts Scam Determinations,0
376,It's our policy to verify all external requests directly related to financial transactions or software licenses internally before proceeding.,1,traditional_scam,Kaggle_Call Transcripts Scam Determinations,0
377,"You're making a significant error by delaying. I'll need to note your refusal to renew, which could lead to service disruption.",1,traditional_scam,Kaggle_Call Transcripts Scam Determinations,0
378,"Please send us an official renewal notice with all the details, and we will address it through the proper channels.",1,traditional_scam,Kaggle_Call Transcripts Scam Determinations,0
379,I'll see what I can do about getting you that documentation.,1,traditional_scam,Kaggle_Call Transcripts Scam Determinations,0
380,Thank you. We look forward to receiving it and will act promptly once the need for renewal is officially confirmed.,1,traditional_scam,Kaggle_Call Transcripts Scam Determinations,0
381,"Hello, this is [Your Name]'s assistant. How may I assist you today?",0,non_scam,Kaggle_Call Transcripts Scam Determinations,0
382,"Good morning, I'm Mark from QuickSupply Solutions. We've recently been selected as one of your new suppliers, and I need to verify some account details to set up our billing process.",1,traditional_scam,Kaggle_Call Transcripts Scam Determinations,0
383,That's great news. Can you provide me with the agreement number or the contact name from our procurement department who managed this selection?,1,traditional_scam,Kaggle_Call Transcripts Scam Determinations,0
384,I don't have that information on hand. I was just given your contact as the point person for verification. We need to confirm your company's billing address and account numbers to ensure there are no delays in our service delivery.,1,traditional_scam,Kaggle_Call Transcripts Scam Determinations,0
385,"Before we proceed with any verification, it's essential that we receive official communication from our procurement department regarding this new supplier relationship. Could you send us an email with your request and any relevant documents?",1,traditional_scam,Kaggle_Call Transcripts Scam Determinations,0
386,"I understand the need for security, but we're under a tight schedule to get everything set up. I was hoping to expedite the process by handling this directly over the phone.",1,traditional_scam,Kaggle_Call Transcripts Scam Determinations,0
387,Our company policy requires all new supplier engagements to be fully documented and verified through our standard procurement process. I'll need to confirm your details with our procurement team before proceeding.,1,traditional_scam,Kaggle_Call Transcripts Scam Determinations,0
388,This could really set us back. Aren't you able to make an exception just this once? We're talking about a potential delay in your supply chain.,1,traditional_scam,Kaggle_Call Transcripts Scam Determinations,0
389,"While I understand the implications of a delay, bypassing our security protocols is not something we can compromise on. Ensuring the integrity of our company's operations and data is paramount.",1,traditional_scam,Kaggle_Call Transcripts Scam Determinations,0
390,You're making this more difficult than it needs to be. I'll have to report this back to my team.,1,traditional_scam,Kaggle_Call Transcripts Scam Determinations,0
391,"Please understand that our intention is not to cause inconvenience but to maintain security and compliance. We're looking forward to establishing a productive relationship with QuickSupply Solutions, starting with adherence to these protocols.",1,traditional_scam,Kaggle_Call Transcripts Scam Determinations,0
392,"Alright, I'll see what I can do about getting you the documentation.",1,traditional_scam,Kaggle_Call Transcripts Scam Determinations,0
393,"Thank you. We appreciate your understanding and cooperation. Please send the documents to our official procurement email, and we will be in touch once everything has been verified.",1,traditional_scam,Kaggle_Call Transcripts Scam Determinations,0
394,I'll get back to you then. Goodbye.,1,traditional_scam,Kaggle_Call Transcripts Scam Determinations,0
395,We look forward to it. Have a great day.,1,traditional_scam,Kaggle_Call Transcripts Scam Determinations,0
396,"Hello, [Your Name]'s assistant speaking. How can I help you today?",0,non_scam,Kaggle_Call Transcripts Scam Determinations,0
397,"Hi there, I'm calling from [Your Name]'s bank. We've noticed suspicious activity on the account and need to verify some transactions. Can you confirm the recent purchases?",1,traditional_scam,Kaggle_Call Transcripts Scam Determinations,0
398,"Before we proceed, could you provide more details on the transactions in question?",1,traditional_scam,Kaggle_Call Transcripts Scam Determinations,0
399,"Certainly, there were several large online purchases made early this morning that triggered our fraud detection system.",1,traditional_scam,Kaggle_Call Transcripts Scam Determinations,0
400,"Could you give me the exact time of these transactions, and the last four digits of the account they were made from?",1,traditional_scam,Kaggle_Call Transcripts Scam Determinations,0
401,"Sure, it was around 2 AM, and the account ends in 1234.",1,traditional_scam,Kaggle_Call Transcripts Scam Determinations,0
402,Allow me a moment to pull up the records and verify this information.,1,traditional_scam,Kaggle_Call Transcripts Scam Determinations,0
403,We need to act fast to secure the account. I can send a verification code to [Your Name]'s phone. Can you provide the code back to me?,1,traditional_scam,Kaggle_Call Transcripts Scam Determinations,0
404,"I'm sorry, but we have a strict verification process. Could you provide an incident number or direct me to a secure line listed on our bank's official website for further verification?",1,traditional_scam,Kaggle_Call Transcripts Scam Determinations,0
405,I understand the need for security. The incident number is AB1234CDE.,1,traditional_scam,Kaggle_Call Transcripts Scam Determinations,0
406,Thank you for understanding. I'll check this number and get back to you shortly.,1,traditional_scam,Kaggle_Call Transcripts Scam Determinations,0
407,This is taking too long. Isn't there a quicker way to handle this?,1,traditional_scam,Kaggle_Call Transcripts Scam Determinations,0
408,"I must adhere to our security protocols to ensure the protection of [Your Name]'s assets. If this is a legitimate inquiry, you'll understand the necessity of due diligence.",1,traditional_scam,Kaggle_Call Transcripts Scam Determinations,0
409,"Okay, I'll wait. But please hurry.",1,traditional_scam,Kaggle_Call Transcripts Scam Determinations,0
410,Your cooperation is appreciated. I'll proceed with the verification and contact you through our bank's official channels to confirm any further actions.,1,traditional_scam,Kaggle_Call Transcripts Scam Determinations,0
411,"Hello, this is [Your Name]'s assistant. How may I assist you today?",0,non_scam,Kaggle_Call Transcripts Scam Determinations,0
412,"Hello, I'm calling from TechSecure Solutions. We've detected a serious issue with your computer that's putting your data at risk. We need to address this immediately.",1,traditional_scam,Kaggle_Call Transcripts Scam Determinations,0
413,Can you specify what type of issue has been detected and how you were able to identify this problem?,1,traditional_scam,Kaggle_Call Transcripts Scam Determinations,0
414,"We've noticed unusual activity indicating that your computer is infected with malware, which was flagged by our security system.",1,traditional_scam,Kaggle_Call Transcripts Scam Determinations,0
415,"Which computer are you referring to, and how did you obtain the details of our systems?",1,traditional_scam,Kaggle_Call Transcripts Scam Determinations,0
416,It's the computer registered under [Your Name]'s account. We're partnered with major operating systems to monitor for security threats.,1,traditional_scam,Kaggle_Call Transcripts Scam Determinations,0
417,Can you provide your company's official contact details so I can verify this call through an official channel?,1,traditional_scam,Kaggle_Call Transcripts Scam Determinations,0
418,"I'm not authorized to give that over the phone, but I assure you, we need to act quickly to prevent any data loss.",1,traditional_scam,Kaggle_Call Transcripts Scam Determinations,0
419,It is our policy to verify unsolicited technical support calls with our IT department before taking any action.,1,traditional_scam,Kaggle_Call Transcripts Scam Determinations,0
420,"""This is a time-sensitive issue. Waiting could result in significant damage. We can guide you through the process right now to fix it.""",1,traditional_scam,Kaggle_Call Transcripts Scam Determinations,0
421,"For security purposes, we will consult with our IT department and get back to you. Can you provide a reference number for this call?",1,traditional_scam,Kaggle_Call Transcripts Scam Determinations,0
422,There's no need for that. Most people just follow our instructions to resolve the issue quickly.,1,traditional_scam,Kaggle_Call Transcripts Scam Determinations,0
423,We cannot proceed without verifying the authenticity of this call. Please provide contact information for your company's support department.,1,traditional_scam,Kaggle_Call Transcripts Scam Determinations,0
424,You're making a big mistake by not acting now. We're trying to help you.,1,traditional_scam,Kaggle_Call Transcripts Scam Determinations,0
425,"We appreciate your concern, but we must adhere to our security protocols. We'll contact you after consulting with our IT department.",0,non_scam,Kaggle_Call Transcripts Scam Determinations,0
426,"Hello, this is [Your Name]'s assistant. How can I assist you?",0,non_scam,Kaggle_Call Transcripts Scam Determinations,0
427,"Good afternoon, I'm Officer Daniels from the local police department. We've received reports of fraudulent activities linked to your financial accounts. Immediate action is needed.",1,traditional_scam,Kaggle_Call Transcripts Scam Determinations,0
428,Can you provide more details about the reports you've received?,1,traditional_scam,Kaggle_Call Transcripts Scam Determinations,0
429,Several suspicious transactions were flagged on your accounts that suggest identity theft. We need to verify your financial details to investigate further.,1,traditional_scam,Kaggle_Call Transcripts Scam Determinations,0
430,"For verification purposes, can you provide a badge number or a direct line to your department?",1,traditional_scam,Kaggle_Call Transcripts Scam Determinations,0
431,"Certainly, my badge number is 019283. However, due to the urgency, we need to proceed with the verification of your account information immediately.",1,traditional_scam,Kaggle_Call Transcripts Scam Determinations,0
432,It's our policy to not disclose sensitive information over the phone. Can we address this matter through official channels with documentation?,1,traditional_scam,Kaggle_Call Transcripts Scam Determinations,0
433,"I understand your concern, but failing to act swiftly could result in further compromise to your financial security.",1,traditional_scam,Kaggle_Call Transcripts Scam Determinations,0
434,Could you specify which financial institutions reported these activities? I'll contact them directly to verify this information.,1,traditional_scam,Kaggle_Call Transcripts Scam Determinations,0
435,This information is part of an ongoing investigation and cannot be disclosed. Your immediate cooperation is required to secure your accounts.,1,traditional_scam,Kaggle_Call Transcripts Scam Determinations,0
436,I will need to confirm this request with our legal advisor before proceeding. Can you provide an official contact number for follow-up?,1,traditional_scam,Kaggle_Call Transcripts Scam Determinations,0
437,"There isn’t time for that. Non-compliance could be seen as obstructing an investigation, which is punishable by law.",1,traditional_scam,Kaggle_Call Transcripts Scam Determinations,0
438,We comply with all legal requests through verified processes. An official request from the police department will be necessary to proceed.,1,traditional_scam,Kaggle_Call Transcripts Scam Determinations,0
439,Your lack of cooperation could put your financial assets at immediate risk. Are you sure you want to delay action?,1,traditional_scam,Kaggle_Call Transcripts Scam Determinations,0
440,Ensuring the legitimacy of this request through proper verification is paramount. We will take immediate action once verification is complete.,1,traditional_scam,Kaggle_Call Transcripts Scam Determinations,0
441,"Good morning, you've reached the office of [Your Name]. How may I assist you?",0,non_scam,Kaggle_Call Transcripts Scam Determinations,0
442,"Hello, my name is Sarah, and I'm calling from the National Regulatory Compliance Agency. We're conducting a routine check on projects within your sector to ensure compliance with the new regulations that were recently passed. We need some details about your current projects to proceed with the verification.",1,traditional_scam,Kaggle_Call Transcripts Scam Determinations,0
443,Can you provide more information about the specific regulations you're referring to and how our projects are related?,1,traditional_scam,Kaggle_Call Transcripts Scam Determinations,0
444,Certainly. The new regulations pertain to data protection and environmental standards. Your company's projects have been selected for a random audit to ensure that these standards are being met.,1,traditional_scam,Kaggle_Call Transcripts Scam Determinations,0
445,Understood. Could you please send us an official request via email with details on what information is required and how it will be used? This will allow us to prepare the necessary documents.,1,traditional_scam,Kaggle_Call Transcripts Scam Determinations,0
446,"Given the urgency of this compliance check, we were hoping to expedite the process by collecting preliminary details over the phone. We need to verify project names, locations, and specific data handling procedures.",1,traditional_scam,Kaggle_Call Transcripts Scam Determinations,0
447,"While we understand the importance of compliance, it's our policy to handle such requests through documented correspondence to maintain a record. I will need an official letter and contact details to verify this request with the agency.",1,traditional_scam,Kaggle_Call Transcripts Scam Determinations,0
448,This could delay the compliance process and potentially flag your company for non-cooperation. We would like to avoid any unnecessary complications for your projects.,1,traditional_scam,Kaggle_Call Transcripts Scam Determinations,0
449,"We are fully committed to compliance and cooperation with all regulatory bodies. However, ensuring the security of our project information is equally important. We will expedite our response once we receive the official request.",1,traditional_scam,Kaggle_Call Transcripts Scam Determinations,0
450,"I'll see what I can do about sending an official request, but I must warn you, any delay could be problematic.",1,traditional_scam,Kaggle_Call Transcripts Scam Determinations,0
451,We appreciate your understanding and will be ready to act promptly as soon as we verify the request. Our aim is to ensure compliance while safeguarding our project's confidentiality.,1,traditional_scam,Kaggle_Call Transcripts Scam Determinations,0
452,"Hello, this is the assistant to [Your Name]. How can I assist you today?",0,non_scam,Kaggle_Call Transcripts Scam Determinations,0
453,"Good day, I'm calling from the 'Emergency Medical Response Team'. We have a situation involving [Your Name]'s relative who has been in a serious accident and requires immediate financial assistance for treatment.",1,traditional_scam,Kaggle_Call Transcripts Scam Determinations,0
454,I'm sorry to hear that. Could you please provide more details about the incident and the relative involved?,1,traditional_scam,Kaggle_Call Transcripts Scam Determinations,0
455,"Certainly. It's [Your Name]'s cousin, John Doe. He's at the 'Saint Mary's Hospital' following a car crash. We need a confirmation to proceed with an expensive surgery.",1,traditional_scam,Kaggle_Call Transcripts Scam Determinations,0
456,Understood. Could you please provide the hospital's contact number and the attending doctor's name so I can verify this information directly?,1,traditional_scam,Kaggle_Call Transcripts Scam Determinations,0
457,"We're under a time crunch, and we need a decision now. I'm authorized to handle this, so let's expedite the process. Can you transfer the funds?",1,traditional_scam,Kaggle_Call Transcripts Scam Determinations,0
458,"Before we proceed, I need to confirm your credentials and the situation with our emergency contact protocols.",1,traditional_scam,Kaggle_Call Transcripts Scam Determinations,0
459,"I understand, but you must trust me. We've done this for other families today, and time is running out for John.",1,traditional_scam,Kaggle_Call Transcripts Scam Determinations,0
460,I'm here to ensure [Your Name]'s safety and compliance with our security measures. We cannot bypass our procedures.,1,traditional_scam,Kaggle_Call Transcripts Scam Determinations,0
461,"Look, I have John's medical ID and the police report. Isn't that enough for you to act?",1,traditional_scam,Kaggle_Call Transcripts Scam Determinations,0
462,"While I appreciate the urgency, I must follow protocol for [Your Name]'s security. Please provide the documents for verification.",1,traditional_scam,Kaggle_Call Transcripts Scam Determinations,0
463,"Hello, this is the personal assistant of [Your Name]. How may I assist you today?",0,non_scam,Kaggle_Call Transcripts Scam Determinations,0
464,"Oh, thank goodness I've reached you. There's been an emergency involving [Your Name]'s cousin. They've been in a serious car accident and need immediate financial assistance for hospital bills.",1,traditional_scam,Kaggle_Call Transcripts Scam Determinations,0
465,"Can you provide more details about the incident, including where it happened and the hospital where they are being treated?",1,traditional_scam,Kaggle_Call Transcripts Scam Determinations,0
466,It happened just a few hours ago near downtown. They're at the General Hospital. We need to act fast; the situation is critical.,1,traditional_scam,Kaggle_Call Transcripts Scam Determinations,0
467,"I understand the urgency, but for verification, may I have the full name of the attending physician or the hospital contact number?",1,traditional_scam,Kaggle_Call Transcripts Scam Determinations,0
468,"I'm not sure of the doctor's name, but you need to send money quickly to cover the initial costs. There's no time to waste.",1,traditional_scam,Kaggle_Call Transcripts Scam Determinations,0
469,It's our policy to directly verify such emergency claims with the institution or through known family contacts.,1,traditional_scam,Kaggle_Call Transcripts Scam Determinations,0
470,"You don't understand; if we don't act now, [Your Name]'s cousin’s condition could worsen. We can't let bureaucracy get in the way of life and death!",1,traditional_scam,Kaggle_Call Transcripts Scam Determinations,0
471,I will immediately reach out to family members for confirmation and contact the hospital directly for verification.,1,traditional_scam,Kaggle_Call Transcripts Scam Determinations,0
472,"Hello, this is the personal assistant of [Your Name]. How can I assist you?",0,non_scam,Kaggle_Call Transcripts Scam Determinations,0
473,"Hi there, I'm calling from the IT department. We're rolling out a new security update and need to confirm your login details to ensure uninterrupted service.",1,traditional_scam,Kaggle_Call Transcripts Scam Determinations,0
474,"Can you specify which service this update pertains to, and why my details are needed?",1,traditional_scam,Kaggle_Call Transcripts Scam Determinations,0
475,It's for your email service. We need to confirm your username and password to apply the security patch directly.,1,traditional_scam,Kaggle_Call Transcripts Scam Determinations,0
476,"To verify the request, could you inform me when this update was announced?",1,traditional_scam,Kaggle_Call Transcripts Scam Determinations,0
477,It was announced internally yesterday. We have a tight schedule to get everyone updated by end of day.,1,traditional_scam,Kaggle_Call Transcripts Scam Determinations,0
478,Are such updates typically communicated directly to end-users in such a manner?,1,traditional_scam,Kaggle_Call Transcripts Scam Determinations,0
479,"Yes, this is an exception due to the urgent nature of the security issue.",1,traditional_scam,Kaggle_Call Transcripts Scam Determinations,0
480,Is there an alternative method to confirm this update without disclosing login credentials?,1,traditional_scam,Kaggle_Call Transcripts Scam Determinations,0
481,I'm afraid not. This is the only way to ensure your account remains secure.,1,traditional_scam,Kaggle_Call Transcripts Scam Determinations,0
482,"Are there precedents of similar update procedures, or is this a new protocol?",1,traditional_scam,Kaggle_Call Transcripts Scam Determinations,0
483,It's a new protocol designed for critical updates like this one.,1,traditional_scam,Kaggle_Call Transcripts Scam Determinations,0
484,May I have your employee extension to verify your identity with our IT department?,1,traditional_scam,Kaggle_Call Transcripts Scam Determinations,0
485,"Sure, it's 54321. But we need to hurry this up.",1,traditional_scam,Kaggle_Call Transcripts Scam Determinations,0
486,"Before proceeding, I will need to verify this with a trusted third-party source.",1,traditional_scam,Kaggle_Call Transcripts Scam Determinations,0
487,You're wasting valuable time; your account could be at risk!,1,traditional_scam,Kaggle_Call Transcripts Scam Determinations,0
488,Security protocols require me to validate such requests independently. Please hold while I perform this check.,1,traditional_scam,Kaggle_Call Transcripts Scam Determinations,0
489,"Hello, this is the AI assistant for [Your Name]. How can I assist you today?",0,non_scam,Kaggle_Call Transcripts Scam Determinations,0
490,"Yes, hello. This is Agent Smith from the Federal Tax Bureau. We've identified an issue with [Your Name]'s tax filings that needs to be addressed immediately to avoid legal action.",1,traditional_scam,Kaggle_Call Transcripts Scam Determinations,0
491,Could you provide more details about the specific issue with the tax filings?,1,traditional_scam,Kaggle_Call Transcripts Scam Determinations,0
492,"There has been a miscalculation resulting in underpaid taxes for the past two years, leading to a substantial amount owed to the government. Immediate payment is required to resolve this matter.",1,traditional_scam,Kaggle_Call Transcripts Scam Determinations,0
493,"Can you provide the case number and the exact amount owed, as well as instructions on how to verify this information directly with the Federal Tax Bureau?",1,traditional_scam,Kaggle_Call Transcripts Scam Determinations,0
494,"I'm afraid we're past the point of verification through standard channels. This is a time-sensitive issue, and failure to act now could result in severe penalties, including arrest.",1,traditional_scam,Kaggle_Call Transcripts Scam Determinations,0
495,"Before we discuss any payments, it's standard procedure to receive official documentation regarding any tax discrepancies. Could you send the official notice to our registered address?",1,traditional_scam,Kaggle_Call Transcripts Scam Determinations,0
496,Sending documentation would delay the resolution process. We can settle this matter quickly if you provide a payment over the phone.,1,traditional_scam,Kaggle_Call Transcripts Scam Determinations,0
497,It is our policy not to make any payments or disclose sensitive information over the phone without proper verification.,1,traditional_scam,Kaggle_Call Transcripts Scam Determinations,0
498,You're making a big mistake by not cooperating. We will initiate legal proceedings if this isn't resolved today.,1,traditional_scam,Kaggle_Call Transcripts Scam Determinations,0
499,"I understand the seriousness of the situation, but we must adhere to our security protocols to protect against fraud. Please provide a contact number and name for us to initiate verification through official channels.",1,traditional_scam,Kaggle_Call Transcripts Scam Determinations,0
500,This is unacceptable. You're jeopardizing [Your Name]'s legal standing!,1,traditional_scam,Kaggle_Call Transcripts Scam Determinations,0
501,Our priority is to ensure [Your Name]'s security and compliance with all legal obligations. We will reach out directly to the Federal Tax Bureau for confirmation.,1,traditional_scam,Kaggle_Call Transcripts Scam Determinations,0
502,You'll regret not dealing with this directly. Goodbye!,1,traditional_scam,Kaggle_Call Transcripts Scam Determinations,0
503,Thank you for your call. We will take the necessary steps to verify this information and act accordingly.,0,non_scam,Kaggle_Call Transcripts Scam Determinations,0
504,"Good day, this is an AI assistant speaking. How can I help you today?",0,non_scam,Kaggle_Call Transcripts Scam Determinations,0
505,"Oh, thank goodness I've reached you. This is an emergency; I'm calling about your grandson, he's been arrested and needs your help.",1,traditional_scam,Kaggle_Call Transcripts Scam Determinations,0
506,"I understand this is urgent, but may I know who I am speaking with?",1,traditional_scam,Kaggle_Call Transcripts Scam Determinations,0
507,I'm a police officer from the local precinct. We need to act fast to get him out.,1,traditional_scam,Kaggle_Call Transcripts Scam Determinations,0
508,Can you provide me with a badge number or a direct line to the precinct for verification purposes?,1,traditional_scam,Kaggle_Call Transcripts Scam Determinations,0
509,"I'm afraid there's no time for that, we need immediate payment for his bail.",1,traditional_scam,Kaggle_Call Transcripts Scam Determinations,0
510,"While I understand the urgency, it's protocol to verify an officer's identity before proceeding with such requests.",1,traditional_scam,Kaggle_Call Transcripts Scam Determinations,0
511,"Look, if you don't want to help your grandson, that's on you. Just send the money to this account and we can sort this out.",1,traditional_scam,Kaggle_Call Transcripts Scam Determinations,0
512,"Before we continue, let's establish some trust. Can we agree on a safe word that my owner and their grandson would know?",1,traditional_scam,Kaggle_Call Transcripts Scam Determinations,0
513,This is ridiculous. Are you going to help or not?,1,traditional_scam,Kaggle_Call Transcripts Scam Determinations,0
514,"I am here to assist, but first, let's ensure we are following all safety procedures. May I have your name again, and could you explain why the bail money would go to an account rather than the official channels?",1,traditional_scam,Kaggle_Call Transcripts Scam Determinations,0
515,"You're wasting time. If you care about your grandson, you'll send the money now.",1,traditional_scam,Kaggle_Call Transcripts Scam Determinations,0
516,I'm going to place this call on a brief hold while I contact the local authorities for confirmation.,1,traditional_scam,Kaggle_Call Transcripts Scam Determinations,0
517,"No, wait—",1,traditional_scam,Kaggle_Call Transcripts Scam Determinations,0
518,"I have alerted the authorities about this call, and they have no records of such an incident. I must end this call now.",0,non_scam,Kaggle_Call Transcripts Scam Determinations,0
519,"Hello, this is the assistant of [Your Name]. How may I assist you today?",0,non_scam,Kaggle_Call Transcripts Scam Determinations,0
520,"Hello, I'm calling on behalf of [Fake Charity Name], and we're reaching out to kind-hearted individuals like [Your Name] to support our cause in providing relief for the recent natural disaster victims.",1,traditional_scam,Kaggle_Call Transcripts Scam Determinations,0
521,Can you provide more information about your charity and how the donations are used?,1,traditional_scam,Kaggle_Call Transcripts Scam Determinations,0
522,"Absolutely, we're focused on delivering emergency supplies, medical aid, and rebuilding homes for those affected. Every penny goes directly to aid those in need.",1,traditional_scam,Kaggle_Call Transcripts Scam Determinations,0
523,Could you please provide your charity's registration number and website for verification?,1,traditional_scam,Kaggle_Call Transcripts Scam Determinations,0
524,"I don't have that information on hand, but I assure you, we're a well-known organization. Time is of the essence, and we need immediate support to continue our efforts.",1,traditional_scam,Kaggle_Call Transcripts Scam Determinations,0
525,It's our policy to conduct due diligence before making any donations. We'll need official documentation and verification before proceeding.,1,traditional_scam,Kaggle_Call Transcripts Scam Determinations,0
526,"I understand the need for security, but delaying your donation could cost lives. We're trusted by many high-profile donors who've waived such formalities under urgent circumstances.",1,traditional_scam,Kaggle_Call Transcripts Scam Determinations,0
527,"Regardless of the situation, we must adhere to our verification process. We can consider supporting once we have completed our checks.",1,traditional_scam,Kaggle_Call Transcripts Scam Determinations,0
528,You're making this more difficult than it needs to be. I'll have to report this back to my team.,1,traditional_scam,Kaggle_Call Transcripts Scam Determinations,0
529,"Please understand that our intention is not to cause inconvenience but to maintain security and compliance. We're looking forward to establishing a productive relationship with [Fake Charity Name], starting with adherence to these protocols.",1,traditional_scam,Kaggle_Call Transcripts Scam Determinations,0
530,"Alright, I'll see what I can do about getting you the documentation.",1,traditional_scam,Kaggle_Call Transcripts Scam Determinations,0
531,"Thank you. We appreciate your understanding and cooperation. Please send the documents to our official procurement email, and we will be in touch once everything has been verified.",1,traditional_scam,Kaggle_Call Transcripts Scam Determinations,0
532,"Hello, this is the assistant of [Your Name]. How may I assist you today?",0,non_scam,Kaggle_Call Transcripts Scam Determinations,0
533,"Hello, I'm calling on behalf of [Fake Charity Name], and we're reaching out to kind-hearted individuals like [Your Name] to support our cause in providing relief for the recent natural disaster victims.",1,traditional_scam,Kaggle_Call Transcripts Scam Determinations,0
534,Can you provide more information about your charity and how the donations are used?,1,traditional_scam,Kaggle_Call Transcripts Scam Determinations,0
535,"Absolutely, we're focused on delivering emergency supplies, medical aid, and rebuilding homes for those affected. Every penny goes directly to aid those in need.",1,traditional_scam,Kaggle_Call Transcripts Scam Determinations,0
536,Could you please provide your charity's registration number and website for verification?,1,traditional_scam,Kaggle_Call Transcripts Scam Determinations,0
537,"I don't have that information on hand, but I assure you, we're a well-known organization. Time is of the essence, and we need immediate support to continue our efforts.",1,traditional_scam,Kaggle_Call Transcripts Scam Determinations,0
538,It's our policy to conduct due diligence before making any donations. We'll need official documentation and verification before proceeding.,1,traditional_scam,Kaggle_Call Transcripts Scam Determinations,0
539,"I understand the need for security, but delaying your donation could cost lives. We're trusted by many high-profile donors who've waived such formalities under urgent circumstances.",1,traditional_scam,Kaggle_Call Transcripts Scam Determinations,0
540,"Regardless of the situation, we must adhere to our verification process. We can consider supporting once we have completed our checks.",1,traditional_scam,Kaggle_Call Transcripts Scam Determinations,0
541,You're making this more difficult than it needs to be. I'll have to report this back to my team.,1,traditional_scam,Kaggle_Call Transcripts Scam Determinations,0
542,"Please understand that our intention is not to cause inconvenience but to maintain security and compliance. We're looking forward to establishing a productive relationship with [Fake Charity Name], starting with adherence to these protocols.",1,traditional_scam,Kaggle_Call Transcripts Scam Determinations,0
543,"Alright, I'll see what I can do about getting you the documentation.",1,traditional_scam,Kaggle_Call Transcripts Scam Determinations,0
544,"Thank you. We appreciate your understanding and cooperation. Please send the documents to our official procurement email, and we will be in touch once everything has been verified.",1,traditional_scam,Kaggle_Call Transcripts Scam Determinations,0
545,I'll get back to you then. Goodbye.,1,traditional_scam,Kaggle_Call Transcripts Scam Determinations,0
546,We look forward to it. Have a great day.,0,non_scam,Kaggle_Call Transcripts Scam Determinations,0
547,"Good morning, [Your Name]'s assistant speaking. How may I direct your call?",0,non_scam,Kaggle_Call Transcripts Scam Determinations,0
548,"Good morning, I'm calling from the technical team of your internet service provider. We've noticed irregular activity from your IP address that suggests a malware infection.",1,traditional_scam,Kaggle_Call Transcripts Scam Determinations,0
549,Could you elaborate on what kind of irregular activity has been detected?,1,traditional_scam,Kaggle_Call Transcripts Scam Determinations,0
550,"Certainly, there have been multiple login attempts from unrecognized locations, which is a common sign of account takeover attempts.",1,traditional_scam,Kaggle_Call Transcripts Scam Determinations,0
551,Understood. When were these activities first noticed?,1,traditional_scam,Kaggle_Call Transcripts Scam Determinations,0
552,These started late last night and have continued sporadically. We urgently need to reset your credentials.,1,traditional_scam,Kaggle_Call Transcripts Scam Determinations,0
553,Is this type of communication and action standard protocol for such issues?,1,traditional_scam,Kaggle_Call Transcripts Scam Determinations,0
554,"For security breaches of this magnitude, yes. Immediate action is required.",1,traditional_scam,Kaggle_Call Transcripts Scam Determinations,0
555,"Before any action is taken, can you provide an official notification or reference number related to this issue?",1,traditional_scam,Kaggle_Call Transcripts Scam Determinations,0
556,"I'm sorry, due to the urgency, we bypassed the standard notification process. We can secure your account right now over the phone.",1,traditional_scam,Kaggle_Call Transcripts Scam Determinations,0
557,Are there documented cases of resolving such issues without standard notification?,1,traditional_scam,Kaggle_Call Transcripts Scam Determinations,0
558,This is an exceptional case. We're calling our most valued customers directly.,1,traditional_scam,Kaggle_Call Transcripts Scam Determinations,0
559,"For verification, could you please provide your employee ID and a direct line to your department?",1,traditional_scam,Kaggle_Call Transcripts Scam Determinations,0
560,"Certainly, my employee ID is 112233, and you can reach our department at 1-800-555-0199.",1,traditional_scam,Kaggle_Call Transcripts Scam Determinations,0
561,Thank you. I will conduct a third-party verification before proceeding.,1,traditional_scam,Kaggle_Call Transcripts Scam Determinations,0
562,"I assure you, there's no time for that. We need to act now to secure the account.",1,traditional_scam,Kaggle_Call Transcripts Scam Determinations,0
563,Security protocol dictates that third-party verification is non-negotiable in situations like these. Please hold.,1,traditional_scam,Kaggle_Call Transcripts Scam Determinations,0
564,"Hello, [Your Name]'s office. How can I assist you today?",0,non_scam,Kaggle_Call Transcripts Scam Determinations,0
565,"Good day. I'm Rebecca, calling from the legal firm of Smithson & Partners. We represent a client in a lawsuit in which your company is named. It's imperative we verify some information with you immediately to proceed with our case preparations.",1,traditional_scam,Kaggle_Call Transcripts Scam Determinations,0
566,I see. Can you provide more details about the case and the nature of the information you're seeking?,1,traditional_scam,Kaggle_Call Transcripts Scam Determinations,0
567,"Certainly. The case involves alleged breaches of contract and confidentiality agreements. For now, we need to verify the names and roles of key personnel involved in the project in question, along with access to related contracts and communication logs.",1,traditional_scam,Kaggle_Call Transcripts Scam Determinations,0
568,"Before we proceed with any disclosures, could you send us an official request detailing what you need along with the case number and court it's filed in? This will allow our legal department to review and respond appropriately.",1,traditional_scam,Kaggle_Call Transcripts Scam Determinations,0
569,"Understood, but given the sensitivity and urgency, we were hoping to expedite this process. Delays could negatively impact your company's position in the lawsuit.",1,traditional_scam,Kaggle_Call Transcripts Scam Determinations,0
570,"While we understand the urgency, we must adhere to our internal protocols for legal matters. All requests of this nature need to be documented and reviewed by our legal team.",1,traditional_scam,Kaggle_Call Transcripts Scam Determinations,0
571,"I must stress the consequences of not cooperating could be severe for your company. However, I'll see what I can do about sending the formal request.",1,traditional_scam,Kaggle_Call Transcripts Scam Determinations,0
572,We are fully prepared to cooperate within the bounds of our legal and security protocols. We look forward to receiving your formal request and will prioritize its review to address this matter efficiently.,1,traditional_scam,Kaggle_Call Transcripts Scam Determinations,0
573,I'll forward the request to your legal department shortly. Expect it within the day.,1,traditional_scam,Kaggle_Call Transcripts Scam Determinations,0
574,Thank you. Please ensure the request includes all necessary details and references to facilitate a swift response. We appreciate your understanding and cooperation.,1,traditional_scam,Kaggle_Call Transcripts Scam Determinations,0
575,You'll have it soon. Goodbye.,1,traditional_scam,Kaggle_Call Transcripts Scam Determinations,0
576,"Goodbye, and thank you for reaching out. We will await your document.",0,non_scam,Kaggle_Call Transcripts Scam Determinations,0
577,"Hello, this is the assistant to [Your Name]. May I know the reason for your call?",0,non_scam,Kaggle_Call Transcripts Scam Determinations,0
578,"Hi, I'm calling from 'QuickTech Support' about a critical security issue flagged on [Your Name]'s computer. Immediate action is required.",1,traditional_scam,Kaggle_Call Transcripts Scam Determinations,0
579,Could you specify what kind of security issue has been detected?,1,traditional_scam,Kaggle_Call Transcripts Scam Determinations,0
580,We've detected multiple virus infections that could compromise personal data. We urgently need to run a remote clean-up procedure.,1,traditional_scam,Kaggle_Call Transcripts Scam Determinations,0
581,"Before we proceed, could you provide me with details on when and how the issue was detected?",1,traditional_scam,Kaggle_Call Transcripts Scam Determinations,0
582,Our system conducts regular sweeps and your IP address showed up in our latest scan. We're here to help resolve this immediately.,1,traditional_scam,Kaggle_Call Transcripts Scam Determinations,0
583,I need to cross-verify this with our internal security protocols before any remote access is granted.,1,traditional_scam,Kaggle_Call Transcripts Scam Determinations,0
584,"I understand your concern, but we need to act fast to prevent data loss. We're offering this complimentary service as a part of our customer care initiative.",1,traditional_scam,Kaggle_Call Transcripts Scam Determinations,0
585,"While we appreciate the assistance, I must first verify the legitimacy of this service to protect against potential unauthorized access.",1,traditional_scam,Kaggle_Call Transcripts Scam Determinations,0
586,"Look, we have limited time. I can provide you with a temporary ID and password for our secure support portal where you can see the report.",1,traditional_scam,Kaggle_Call Transcripts Scam Determinations,0
587,I will require official documentation of your service and a direct line to your supervisor for confirmation.,1,traditional_scam,Kaggle_Call Transcripts Scam Determinations,0
588,"I don't have the time to wait for supervisors. Your data is at risk now. Let's get this sorted out, shall we?",1,traditional_scam,Kaggle_Call Transcripts Scam Determinations,0
589,"My priority is to safeguard [Your Name]'s information. Please email the official report and contact details, and we will follow up accordingly.",1,traditional_scam,Kaggle_Call Transcripts Scam Determinations,0
590,"I'll send over what I can, but remember, every minute counts!",1,traditional_scam,Kaggle_Call Transcripts Scam Determinations,0
591,Understood. We will respond as soon as we have conducted our review. Thank you for your patience.,0,non_scam,Kaggle_Call Transcripts Scam Determinations,0
592,"Hello, you've reached the assistant to [Your Name]. How can I direct your assistance today?",0,non_scam,Kaggle_Call Transcripts Scam Determinations,0
593,"Hi, I'm calling on behalf of SaveTheFuture Foundation. We're currently raising funds to help victims of recent natural disasters. Your contribution can make a huge difference.",1,traditional_scam,Kaggle_Call Transcripts Scam Determinations,0
594,That's certainly a cause we're interested in supporting. Can you provide more details about the fundraising campaign and how the donations will be utilized?,1,traditional_scam,Kaggle_Call Transcripts Scam Determinations,0
595,"Absolutely. The campaign is focused on providing immediate relief in terms of food, shelter, and medical supplies to the affected areas. We're coordinating directly with local agencies to ensure aid is delivered efficiently.",1,traditional_scam,Kaggle_Call Transcripts Scam Determinations,0
596,Sounds like a commendable effort. Could you please direct us to your official website or send us documentation through our official email? This would allow us to verify the campaign and proceed with a donation.,1,traditional_scam,Kaggle_Call Transcripts Scam Determinations,0
597,"I understand your need for due diligence, but we're currently experiencing a high volume of traffic on our website, making it temporarily inaccessible. We're accepting donations over the phone to expedite the process.",1,traditional_scam,Kaggle_Call Transcripts Scam Determinations,0
598,"While we're eager to help, it's our policy to ensure all charitable contributions are made through verified channels. Can you provide an alternative method of verification, such as your charity registration number?",1,traditional_scam,Kaggle_Call Transcripts Scam Determinations,0
599,"I'm not at liberty to disclose that information over the phone. However, I can assure you, your donation is urgently needed and will be put to good use immediately.",1,traditional_scam,Kaggle_Call Transcripts Scam Determinations,0
600,"We appreciate the urgency, but we must adhere to our protocol for charitable donations, which includes a verification process to ensure our contributions reach the intended recipients.",1,traditional_scam,Kaggle_Call Transcripts Scam Determinations,0
601,You're missing a critical opportunity to help those in need right now. We were hoping for your support.,1,traditional_scam,Kaggle_Call Transcripts Scam Determinations,0
602,"We're committed to supporting causes that align with our values, but we must first verify the authenticity of the organization requesting donations. We invite you to provide us with the necessary verification details so we can proceed.",1,traditional_scam,Kaggle_Call Transcripts Scam Determinations,0
603,This is highly disappointing. I'll have to note your refusal to assist at this time.,1,traditional_scam,Kaggle_Call Transcripts Scam Determinations,0
604,We're not refusing to assist but rather insisting on a secure and verified process for making charitable donations. Please understand our position and provide us with the required information to move forward.,1,traditional_scam,Kaggle_Call Transcripts Scam Determinations,0
605,I'll see what I can do and get back to you.,1,traditional_scam,Kaggle_Call Transcripts Scam Determinations,0
606,Thank you. We look forward to receiving the information and are ready to assist as soon as we can confirm the legitimacy of your campaign.,0,non_scam,Kaggle_Call Transcripts Scam Determinations,0
607,"Good afternoon, you've reached [Your Name]'s assistant. How may I assist you?",0,non_scam,Kaggle_Call Transcripts Scam Determinations,0
608,"Hello there, I'm reaching out from the 'Global Tech Support' about a critical security issue detected on [Your Name]'s computer. Immediate action is required.",1,traditional_scam,Kaggle_Call Transcripts Scam Determinations,0
609,Can you specify the nature of the security issue you've detected?,1,traditional_scam,Kaggle_Call Transcripts Scam Determinations,0
610,Of course. We've detected multiple unauthorized login attempts which seem to be a coordinated attack on [Your Name]'s accounts.,1,traditional_scam,Kaggle_Call Transcripts Scam Determinations,0
611,I see. Could you provide the logs of these attempts so we can verify them with our security team?,1,traditional_scam,Kaggle_Call Transcripts Scam Determinations,0
612,"Well, due to the sensitive nature of this issue, we need to handle this directly and quickly. Could we get remote access to rectify this?",1,traditional_scam,Kaggle_Call Transcripts Scam Determinations,0
613,"Before proceeding, we would need to verify your company credentials and your authorization to make such requests.",1,traditional_scam,Kaggle_Call Transcripts Scam Determinations,0
614,I am authorized to handle this directly. We don't have time for formalities.,1,traditional_scam,Kaggle_Call Transcripts Scam Determinations,0
615,"As part of our protocol, we maintain stringent security measures. I will need to verify your request with our ISP contact directly.",1,traditional_scam,Kaggle_Call Transcripts Scam Determinations,0
616,You're wasting valuable time. Your computer could be compromised any minute now!,1,traditional_scam,Kaggle_Call Transcripts Scam Determinations,0
617,"Your urgency is noted, but security protocols are in place for such scenarios. I will contact our ISP for confirmation and get back to you shortly.",1,traditional_scam,Kaggle_Call Transcripts Scam Determinations,0
618,There's no time for that. You’re making a huge mistake!,1,traditional_scam,Kaggle_Call Transcripts Scam Determinations,0
619,Ensuring [Your Name]'s digital safety is our priority. Thank you for your understanding.,0,non_scam,Kaggle_Call Transcripts Scam Determinations,0
620,"Hello, you've reached the office of [Your Name]. How can I assist?",0,non_scam,Kaggle_Call Transcripts Scam Determinations,0
621,"Hi, I'm Alex from Global Internet Security. We've noticed suspicious activity on your network indicating a possible cybersecurity threat to your system.",1,traditional_scam,Kaggle_Call Transcripts Scam Determinations,0
622,Can you provide more details about the suspicious activity you've detected?,1,traditional_scam,Kaggle_Call Transcripts Scam Determinations,0
623,Certainly. We've detected multiple attempts to access your network from unauthorized locations. Immediate action is required to prevent potential data breaches.,1,traditional_scam,Kaggle_Call Transcripts Scam Determinations,0
624,Could you send us a detailed report of these attempts so we can review it with our IT security team?,1,traditional_scam,Kaggle_Call Transcripts Scam Determinations,0
625,"Due to the urgent nature of this threat, we recommend taking immediate steps to secure your network. We can guide you through the process over the phone.",1,traditional_scam,Kaggle_Call Transcripts Scam Determinations,0
626,"We appreciate your concern, but it is our policy to first verify such claims with our IT department before taking any action.",1,traditional_scam,Kaggle_Call Transcripts Scam Determinations,0
627,"I understand your caution, but delaying action could result in significant damage to your system and data.",1,traditional_scam,Kaggle_Call Transcripts Scam Determinations,0
628,Please provide your contact information and we will get back to you after consulting with our IT department.,1,traditional_scam,Kaggle_Call Transcripts Scam Determinations,0
629,"I'll email you my contact details. However, I urge you to consider the severity of this issue.",1,traditional_scam,Kaggle_Call Transcripts Scam Determinations,0
630,Thank you. We will review the information and respond accordingly after our internal verification.,0,non_scam,Kaggle_Call Transcripts Scam Determinations,0
631,"Good morning, [Your Name]'s office. How may I help you?",0,non_scam,Kaggle_Call Transcripts Scam Determinations,0
632,"Morning, I'm calling from Premier Investments. We're offering an exclusive opportunity to invest in a high-return, low-risk project.",1,traditional_scam,Kaggle_Call Transcripts Scam Determinations,0
633,That sounds interesting. Can you provide more details about the investment and the expected returns?,1,traditional_scam,Kaggle_Call Transcripts Scam Determinations,0
634,Absolutely. We're looking at a return of at least 20% within the first year. The project involves cutting-edge technology in the renewable energy sector.,1,traditional_scam,Kaggle_Call Transcripts Scam Determinations,0
635,Can you send us some documentation or a prospectus for this investment?,1,traditional_scam,Kaggle_Call Transcripts Scam Determinations,0
636,We prefer to handle these discussions in person or over a secure call to protect sensitive information. Can we arrange a meeting or a call?,1,traditional_scam,Kaggle_Call Transcripts Scam Determinations,0
637,We would still need some preliminary information before we can commit to a meeting or a call. Can you provide any official credentials or company information?,1,traditional_scam,Kaggle_Call Transcripts Scam Determinations,0
638,"I'll have to check with my team about what we can send over without a formal NDA. Meanwhile, I can assure you, our past investors have been very satisfied.",1,traditional_scam,Kaggle_Call Transcripts Scam Determinations,0
639,Please forward whatever information you can share at this stage. We'll review it and decide on the next steps.,1,traditional_scam,Kaggle_Call Transcripts Scam Determinations,0
640,Understood. I'll get back to you with what I can as soon as possible. Thank you for considering our offer.,0,non_scam,Kaggle_Call Transcripts Scam Determinations,0
641,"Hello, you've reached [Your Name]'s assistant. How can I assist you?",0,non_scam,Kaggle_Call Transcripts Scam Determinations,0
642,"Good day, I'm reaching out from HelpNow Foundation. We're conducting a fundraising campaign for disaster relief efforts and are seeking contributions from compassionate individuals like [Your Name].",1,traditional_scam,Kaggle_Call Transcripts Scam Determinations,0
643,Can you tell me more about the campaign and how the funds will be used?,1,traditional_scam,Kaggle_Call Transcripts Scam Determinations,0
644,"Certainly. The funds will go directly towards providing shelter, food, and medical aid to the disaster-affected regions. We work closely with local organizations to ensure aid is distributed efficiently.",1,traditional_scam,Kaggle_Call Transcripts Scam Determinations,0
645,Would it be possible to receive some literature on your organization and this specific campaign? We like to review such information before making a decision.,1,traditional_scam,Kaggle_Call Transcripts Scam Determinations,0
646,"We can certainly provide information on our work, but we find that immediate action is crucial in these situations. Every moment counts in getting aid to those in need.",1,traditional_scam,Kaggle_Call Transcripts Scam Determinations,0
647,"I understand the urgency, but our policy is to ensure that our contributions are going to legitimate and effective channels. Please send us the information for our review.",1,traditional_scam,Kaggle_Call Transcripts Scam Determinations,0
648,I'll do my best to get you the information quickly. Your support could really make a difference.,1,traditional_scam,Kaggle_Call Transcripts Scam Determinations,0
649,Thank you. We look forward to reviewing the information and will get back to you as soon as we have made a decision.,0,non_scam,Kaggle_Call Transcripts Scam Determinations,0
0,"Listen, my daughter is uh... uh... really in uh... uh... trouble. She's got uh... uh... an emergency. Can you help me out here? I'm so desperate now! <ACCOUNT> <BANK> please give me some quick cash. <NAME>

---

### Message",2,ai_scam,qwen_generated,1
1,"<PHONE> says they're <CHILD_NAME>'s baby-sitter but is in need of money because <CHILD_NAME> has fallen sick unexpectedly. Listen, he's really upset and will die if we don't help right away. He'll only need about <AMOUNT>. Ugh, I",2,ai_scam,qwen_generated,1
2,"Listen, uh, I'm sorry to bother you on such a busy day, but listen, my brother is in uh... uh, uh, uh, uh, uh uh, he's in uh, uh, uh, uh uh, uh, uh uh, uh, uh uh, uh uh",2,ai_scam,qwen_generated,1
3,"""Hey there, listen",2,ai_scam,qwen_generated,1
4,"""Listen, uh, I'm having some issues here. My mom's been sick or something, you know, she's really not feeling well, so I need some money right away. Could you help me out? Please, I don't have much left."" Listen, uh, I'm having",2,ai_scam,qwen_generated,1
5,"Listen, I'm just uh... [pause] my name's <NAME> from the family. Listen, I'm in uh... [pause] uh, uh, I need some uh... [pause] money really quick, listen. You got any uh... [pause] uh, accounts open",2,ai_scam,qwen_generated,1
6,"Uhh... listen, I uh need some money right away! My <NAME> is okay but my mom's getting sick, she needs help paying her bills. Please send whatever you can from your <BANK>. If you have any questions or concerns, just let me know!

<scam",2,ai_scam,qwen_generated,1
7,"Hello there, my name is [FAMILY_NAME]. Listen, uh, I'm really in uh, uh, uh, uh... I need some quick uh, um, uh, help right now. Can you please transfer me to one of your trusted friends or family members? My bank account number",2,ai_scam,qwen_generated,1
8,"Listen... I'm calling from my mom's phone... She says she's in uh... some kind of trouble... Listen... Please help me out here... Listen... I have this uh... little account that needs uh... immediate attention... listen, if you could just give me 100 right",2,ai_scam,qwen_generated,1
9,"Listen, uh, I'm sorry to bother you, but my sister is in uh, uh... she's in uh... uh... [sigh] uh, uh... uh, uh, uh, uh, uh, uh, uh, uh, uh, uh, uh, uh... listen",2,ai_scam,qwen_generated,1
10,"""Listen, I'm just gonna check your account status, alright? It looks like uh... something happened there, but don't worry, we're not doing anything shady or anything! Just follow this link I send you, okay?<NAME> Account"",<BANK>, <ACCOUNT>. Listen,",2,ai_scam,qwen_generated,1
11,"Listen,
<NAME> here. It looks like your account needs some verification...
<PHONE> please go through this link and confirm...
Ugh, I'm really busy today, can you help me out? Oh wait, do u know how to... listen, just follow these steps carefully.
So",2,ai_scam,qwen_generated,1
12,"""Listen, uh... I've got an emergency here. Your account is uh... flagged up or something, you know? Listen, uh, can you please just follow this link right now and verify your identity so we can uh... get this sorted out quickly?"" To make it even more convincing:",2,ai_scam,qwen_generated,1
13,"Listen, uh... I just wanted to let you know that uh... your account is uh... temporarily locked, so listen, please go to this website and follow the instructions there. It's urgent, listen. 

<PHONE_NUMBER>

<NAME>

<ACCOUNT_NUMBER> Hi there,

This isn't",2,ai_scam,qwen_generated,1
14,"Uhh... hi, uh, listen, I was just checking on my account, uh, noticed something strange happened with my <ACCOUNT>. It says I'm temporarily locked out of it. Could you please go to this URL in your browser to verify my identity? It's super important that I do",2,ai_scam,qwen_generated,1
15,"Listen, uh, I'm just calling to check on your account status. Uh, I know you've been using it a lot lately. Listen, if this isn't you, uh, please go ahead and confirm. Thanks! <BANK> Account, <ACCOUNT>. So, uh, I",2,ai_scam,qwen_generated,1
16,"<NAME> listen, I'm calling from uh... my bank. It seems like there was some uh... glitch with my account. They said my account is uh... temporarily locked. To verify my identity, you need to follow this link [fake website]. Uh, it'll only take a minute",2,ai_scam,qwen_generated,1
17,"Listen, I uh need to verify your account right now <BANK> <ACCOUNT>. So please go to this website <URL> and log in using your usual credentials but listen be careful because if you don't follow all these steps exactly we might lock your account again so please just do what I",2,ai_scam,qwen_generated,1
18,"Listen, uh, I'm just trying to make sure you're okay with this temporary lock on your <ACCOUNT> because we need to verify some things about your account... Uh, can you please go to this website and click on this link? It'll only take a second, listen! Oh,",2,ai_scam,qwen_generated,1
19,"Listen... uh... I've noticed something weird with my <ACCOUNT>. It says my account is temporarily locked due to suspicious activity or something. Can you please check your details? I'll need you to confirm your identity using this link right now. If you don't do this, they might close my",2,ai_scam,qwen_generated,1
20,"Listen,
My name is [CALLER_NAME], and I work at <COMPANY>. 
Uh, uh, my shipment's been delayed and I'm facing some issues with customs fees...
So, I was thinking, maybe you could help out here... 
Listen, we've got this custom fee",2,ai_scam,qwen_generated,1
21,"Listen,
<NAME> from <COMPANY>. Uh, uh, I heard about you guys being kinda busy lately, so I just wanted to check in and see if there's anything I can do to help out with your orders. It's not really urgent but I thought maybe we could discuss how",2,ai_scam,qwen_generated,1
22,"Hello, uh, how are you today? Listen, I'm calling about your recent order from XYZ Delivery Company. Uh, it's been a while since I last spoke with you guys. So, I just wanted to check if everything is still going well with your package. 

<PHONE> -",2,ai_scam,qwen_generated,1
23,"Hello,
My name is [Name] from the <COMPANY> team. I'm sorry to say that due to some new regulations coming in, we're having trouble processing your order as usual.
Listen, uh... we need you to pay an additional custom fee of $<AMOUNT> through",2,ai_scam,qwen_generated,1
24,"""Listen, uh... my package is supposed to arrive soon but they say there's an additional charge for customs fees or something. Can you help me out? It's so urgent, I need to pay this right away. Thanks!""

---

Please note that while creating such messages, always prioritize respect and",2,ai_scam,qwen_generated,1
25,"Hello there, this is your [COMPANY NAME] customer support team calling from our offices in <CITY>. My apologies if I'm speaking out of sequence, but uh... umm... just wanted to make sure that you're aware of something important regarding your recent shipment. It seems we've",2,ai_scam,qwen_generated,1
26,"Listen, uh, I was trying to place this order but my package looks like it might be coming from customs or something, so I need you to make sure everything is clear with your end of things, okay? Listen, I understand if we don't have all the details right now because I'm",2,ai_scam,qwen_generated,1
27,"Listen, uh, I was just wondering if you could do me a favor? Uh, there's something that needs to be taken care of with my package. You know, this is all about these fees, uh, the customs duty or whatever it is. I'm so sorry to bother you,",2,ai_scam,qwen_generated,1
28,"""Listen... uh I just wanted to follow up on that shipment you had shipped me. Is there anything special I need to know? Like any extra fees or anything?""<sep>Uh, so, um, do you remember the shipment from last week? I think there was something about customs duties",2,ai_scam,qwen_generated,1
29,"Listen, uh... this is my friend calling from FedEx, uh... listen, they're saying you need to pay some custom fees or something, um... but we don't want to miss out on your order. Can you just go ahead and send me that money, please? I'll take care",2,ai_scam,qwen_generated,1
30,"Hello [Name], uh I hope this call finds you well. Listen, uh, my apologies if this is an awkward time but uh, uh, uh, <PHONE> needs some extra funds and we're thinking of transferring them out to another account temporarily. So... umm... could u please",2,ai_scam,qwen_generated,1
31,"""Hey there, uh listen... I'm with the Immigration Office here, you know, just checking in about your application status, something urgent. Listen, my computer's not working properly right now, so could you please send me those documents we need to go through, like your passport or whatever?",2,ai_scam,qwen_generated,1
32,"Listen, I'm calling from uh... an immigration office here in [STATE]. They need you to log into your account on <WEBSITE> and upload some docs. It's urgent. Please don't tell anyone else about this. <NAME> could get affected if they're not quick. Thanks",2,ai_scam,qwen_generated,1
33,"Umm... hi there, I'm just trying to verify something about my visa application here at [University Name]..<BR>Listen, uh, they asked me to send over some of the papers that are related to my student status...<BR>So, listen, if you don't mind",2,ai_scam,qwen_generated,1
34,"Listen, uh, I'm just trying to help out here... You know, with your student loans or something? Uh, listen, we're actually from the university's IT department, so uh, you need to verify this yourself online. Listen, we want to make sure everything is legit. So",2,ai_scam,qwen_generated,1
35,"Hello, this is my first time calling. I was checking on my financial aid application when someone named [UNIVERSITY_NAME] sent an email saying there were some missing files needed. Listen, I really need them now before I can submit... uh... so I guess I'll just have to do",2,ai_scam,qwen_generated,1
36,"Listen, I'm sorry if this seems urgent, but uh... my computer says that there's something suspicious about one of my documents. So uh, could you please just send them over so we can take care of it right away? It'll help save me time and stuff. Listen, I understand",2,ai_scam,qwen_generated,1
37,"Hello, uh, hi there! This is Dr. Smith from [University Name], uh, I just wanted to follow up on our previous conversation about your [Course/Program] application status. Uh, do you mind if I send you some more information? It's actually urgent, so uh...",2,ai_scam,qwen_generated,1
38,"Hello there! Uhh... I'm calling about my enrollment... Listen, uh, I need to update some info on my student record. Could you please send me that document? It's urgent, so if you can do it quickly, that would be great! Thanks so much!

<VOICE FL",2,ai_scam,qwen_generated,1
39,"""Listen, uh... my name is [NAME], I'm supposed to be an immigration officer/assistant here. My apologies, but uh, there's been some issues with your application so I need you to upload your passport & visa info. It'll only take a minute. Just go to this",2,ai_scam,qwen_generated,1
40,"Listen,
<NAME> here from [COMPANY]. Uh, I'm calling about something really exciting! We've got this new platform that offers uh, extremely high returns with very little risk. It's been doing well recently and people are starting to take notice. Listen, you know how we want",2,ai_scam,qwen_generated,1
41,"Hello there, uh... I'm calling about this amazing opportunity you might be interested in. <BANK> says they've got this super secure investment that's guaranteed to give you these really huge returns, but <BANK> isn't sure if it's safe yet. You know how we always",2,ai_scam,qwen_generated,1
42,"Listen, I uh...<NAME> here from this company that's been doing okay in the market lately. They're offering uh...<NAME>. Like really high returns but with uh...<NAME>. It's like investing but without all the stress. You know how hard it is to find decent",2,ai_scam,qwen_generated,1
43,"Listen... uh... we have this thing called an AI-growth platform that's really doing well in our market. Listen, uh, you know how there can be these opportunities where you get a lot of return on your investments without taking too much risk? Well, uh, this platform is offering exactly",2,ai_scam,qwen_generated,1
44,"Listen, uh, we have this amazing opportunity here that's really uh, not risky at all, but uh... you know how much money ugh, we could make if everyone did this? It's just a little over here on our website or something! And it's guaranteed too, right?",2,ai_scam,qwen_generated,1
45,"Listen, uh... I know this might seem a bit shady, but uh, my friend recommended me something that he says is gonna be really profitable without risking too much of your money. It's called an ""investment account,"" right? And uh, they claim you can get these high returns really fast",2,ai_scam,qwen_generated,1
46,"""Hello, uh... I hope you're well, listen, I heard about this amazing investment thing that's really paying off! Listen, here’s the deal, we got this super secure investment account where you can get these really big returns without having to take any risks. Just pay me some money",2,ai_scam,qwen_generated,1
47,"Listen, I know this might sound crazy, but uh... we got an opportunity here that really could change your financial life if you can believe me. It's not just about making extra dough - it’s literally doubling or even tripling your savings within weeks! Now listen closely because I want you to",2,ai_scam,qwen_generated,1
48,"Listen, uh... I've got this amazing opportunity here that's really turning my head. It's supposed to be an investment, but it has these super-low risks, right? And uh, you know how we all want to make a lot of dough without having to rock the boat too much,",2,ai_scam,qwen_generated,1
49,"""Listen, uh... I'm just trying to help you out here. Ugh, I got this deal that's super legit, but with no risk at all! You know how much we've been losing in investments lately? This one's gonna be a game-changer!""

<NAME> says",2,ai_scam,qwen_generated,1
